link_stats_id, link_id, timestamp, PacketsReceived, PacketsSent, BytesReceived, BytesSent, PacketsRxDropped, PacketsTxDropped, PacketsRxErrors, PacketsTxErrors
of:000000000000000c_1_2024-08-05 14:10:42,of:000000000000000c_1,2024-08-05 14:10:42,3727569.0,3713614.0,409019974.0,392248759.0,0.0,0.0,0.0,0.0
of:000000000000000c_2_2024-08-05 14:10:42,of:000000000000000c_2,2024-08-05 14:10:42,1414969.0,2301041.0,134259634.0,258104434.0,0.0,0.0,0.0,0.0
of:000000000000000c_3_2024-08-05 14:10:42,of:000000000000000c_3,2024-08-05 14:10:42,1415199.0,2313093.0,134278345.0,275676838.0,0.0,0.0,0.0,0.0
of:000000000000000d_1_2024-08-05 14:10:42,of:000000000000000d_1,2024-08-05 14:10:42,3716326.0,3757847.0,391517029.0,457111526.0,0.0,0.0,0.0,0.0
of:000000000000000d_2_2024-08-05 14:10:42,of:000000000000000d_2,2024-08-05 14:10:42,1447325.0,2301559.0,181561342.0,258146742.0,0.0,0.0,0.0,0.0
of:000000000000000d_3_2024-08-05 14:10:42,of:000000000000000d_3,2024-08-05 14:10:42,1427069.0,2301320.0,151839138.0,258130969.0,0.0,0.0,0.0,0.0
of:000000000000000a_1_2024-08-05 14:10:42,of:000000000000000a_1,2024-08-05 14:10:42,9385220.0,9371289.0,945915671.0,929142782.0,0.0,0.0,0.0,0.0
of:000000000000000a_2_2024-08-05 14:10:42,of:000000000000000a_2,2024-08-05 14:10:42,1415461.0,2301558.0,134281026.0,258128164.0,0.0,0.0,0.0,0.0
of:000000000000000a_3_2024-08-05 14:10:42,of:000000000000000a_3,2024-08-05 14:10:42,7072376.0,7970219.0,671150780.0,812548607.0,0.0,0.0,0.0,0.0
of:000000000000000b_1_2024-08-05 14:10:42,of:000000000000000b_1,2024-08-05 14:10:42,3716108.0,3713974.0,391473430.0,392256004.0,0.0,0.0,0.0,0.0
of:000000000000000b_2_2024-08-05 14:10:42,of:000000000000000b_2,2024-08-05 14:10:42,1415012.0,2301058.0,134261944.0,258104308.0,0.0,0.0,0.0,0.0
of:000000000000000b_3_2024-08-05 14:10:42,of:000000000000000b_3,2024-08-05 14:10:42,1415518.0,2301610.0,134283476.0,258130264.0,0.0,0.0,0.0,0.0
of:000000000000000e_1_2024-08-05 14:10:42,of:000000000000000e_1,2024-08-05 14:10:42,7973685.0,7957849.0,814402575.0,794916815.0,0.0,0.0,0.0,0.0
of:000000000000000e_2_2024-08-05 14:10:42,of:000000000000000e_2,2024-08-05 14:10:42,7073993.0,7973684.0,671177435.0,815285657.0,0.0,0.0,0.0,0.0
of:000000000000000f_1_2024-08-05 14:10:42,of:000000000000000f_1,2024-08-05 14:10:42,9405912.0,9385890.0,975618233.0,949415905.0,0.0,0.0,0.0,0.0
of:000000000000000f_2_2024-08-05 14:10:42,of:000000000000000f_2,2024-08-05 14:10:42,7072184.0,7958013.0,671065624.0,794899014.0,0.0,0.0,0.0,0.0
of:000000000000000f_3_2024-08-05 14:10:42,of:000000000000000f_3,2024-08-05 14:10:42,1430256.0,2334387.0,154639333.0,305477815.0,0.0,0.0,0.0,0.0
of:0000000000000010_1_2024-08-05 14:10:42,of:0000000000000010_1,2024-08-05 14:10:42,10706814.0,10704911.0,1059033664.0,1059833194.0,0.0,0.0,0.0,0.0
of:0000000000000010_2_2024-08-05 14:10:42,of:0000000000000010_2,2024-08-05 14:10:42,9821055.0,10706815.0,936093814.0,1059916886.0,0.0,0.0,0.0,0.0
of:0000000000000011_1_2024-08-05 14:10:42,of:0000000000000011_1,2024-08-05 14:10:42,9370649.0,9368764.0,928145158.0,928942616.0,0.0,0.0,0.0,0.0
of:0000000000000011_2_2024-08-05 14:10:42,of:0000000000000011_2,2024-08-05 14:10:42,7070310.0,7956128.0,670970620.0,794800020.0,0.0,0.0,0.0,0.0
of:0000000000000011_3_2024-08-05 14:10:42,of:0000000000000011_3,2024-08-05 14:10:42,1415009.0,2301010.0,134261342.0,258103748.0,0.0,0.0,0.0,0.0
of:0000000000000014_1_2024-08-05 14:10:42,of:0000000000000014_1,2024-08-05 14:10:42,7971051.0,7956305.0,813014870.0,794902400.0,0.0,0.0,0.0,0.0
of:0000000000000014_2_2024-08-05 14:10:42,of:0000000000000014_2,2024-08-05 14:10:42,7072449.0,7971049.0,671163020.0,813897882.0,0.0,0.0,0.0,0.0
of:0000000000000015_1_2024-08-05 14:10:42,of:0000000000000015_1,2024-08-05 14:10:42,3717254.0,3715161.0,391549196.0,392333578.0,0.0,0.0,0.0,0.0
of:0000000000000015_2_2024-08-05 14:10:42,of:0000000000000015_2,2024-08-05 14:10:42,1416276.0,2302282.0,134345412.0,258185900.0,0.0,0.0,0.0,0.0
of:0000000000000015_3_2024-08-05 14:10:42,of:0000000000000015_3,2024-08-05 14:10:42,1415443.0,2301497.0,134277666.0,258120702.0,0.0,0.0,0.0,0.0
of:0000000000000012_1_2024-08-05 14:10:42,of:0000000000000012_1,2024-08-05 14:10:42,2313886.0,2299090.0,276125358.0,258009683.0,0.0,0.0,0.0,0.0
of:0000000000000012_2_2024-08-05 14:10:42,of:0000000000000012_2,2024-08-05 14:10:42,1415236.0,2313888.0,134270443.0,277008650.0,0.0,0.0,0.0,0.0
of:0000000000000013_1_2024-08-05 14:10:42,of:0000000000000013_1,2024-08-05 14:10:42,9376675.0,9386583.0,928561364.0,946909732.0,0.0,0.0,0.0,0.0
of:0000000000000013_2_2024-08-05 14:10:42,of:0000000000000013_2,2024-08-05 14:10:42,7088081.0,7962105.0,688936532.0,795214728.0,0.0,0.0,0.0,0.0
of:0000000000000013_3_2024-08-05 14:10:42,of:0000000000000013_3,2024-08-05 14:10:42,1415057.0,2300959.0,134262490.0,258094970.0,0.0,0.0,0.0,0.0
of:0000000000000018_1_2024-08-05 14:10:42,of:0000000000000018_1,2024-08-05 14:10:42,3716600.0,3714462.0,391500534.0,392281988.0,0.0,0.0,0.0,0.0
of:0000000000000018_2_2024-08-05 14:10:42,of:0000000000000018_2,2024-08-05 14:10:42,1415747.0,2301271.0,134305134.0,258111854.0,0.0,0.0,0.0,0.0
of:0000000000000018_3_2024-08-05 14:10:42,of:0000000000000018_3,2024-08-05 14:10:42,1415300.0,2300846.0,134269364.0,258077680.0,0.0,0.0,0.0,0.0
of:0000000000000019_1_2024-08-05 14:10:42,of:0000000000000019_1,2024-08-05 14:10:42,3728783.0,3726628.0,409085604.0,409865030.0,0.0,0.0,0.0,0.0
of:0000000000000019_2_2024-08-05 14:10:42,of:0000000000000019_2,2024-08-05 14:10:42,1427651.0,2301348.0,151869551.0,258122544.0,0.0,0.0,0.0,0.0
of:0000000000000019_3_2024-08-05 14:10:42,of:0000000000000019_3,2024-08-05 14:10:42,1415586.0,2312974.0,134289081.0,275652732.0,0.0,0.0,0.0,0.0
of:0000000000000016_1_2024-08-05 14:10:42,of:0000000000000016_1,2024-08-05 14:10:42,3716884.0,3714789.0,391532592.0,392316526.0,0.0,0.0,0.0,0.0
of:0000000000000016_2_2024-08-05 14:10:42,of:0000000000000016_2,2024-08-05 14:10:42,1415960.0,2301968.0,134331048.0,258171984.0,0.0,0.0,0.0,0.0
of:0000000000000016_3_2024-08-05 14:10:42,of:0000000000000016_3,2024-08-05 14:10:42,1415385.0,2301441.0,134274838.0,258118014.0,0.0,0.0,0.0,0.0
of:0000000000000017_1_2024-08-05 14:10:42,of:0000000000000017_1,2024-08-05 14:10:42,3717303.0,3715209.0,391548398.0,392334530.0,0.0,0.0,0.0,0.0
of:0000000000000017_2_2024-08-05 14:10:42,of:0000000000000017_2,2024-08-05 14:10:42,1416232.0,2302242.0,134343116.0,258182064.0,0.0,0.0,0.0,0.0
of:0000000000000017_3_2024-08-05 14:10:42,of:0000000000000017_3,2024-08-05 14:10:42,1415531.0,2301584.0,134280634.0,258123600.0,0.0,0.0,0.0,0.0
of:000000000000001a_1_2024-08-05 14:10:42,of:000000000000001a_1,2024-08-05 14:10:42,3716031.0,3713922.0,391478258.0,392259952.0,0.0,0.0,0.0,0.0
of:000000000000001a_2_2024-08-05 14:10:42,of:000000000000001a_2,2024-08-05 14:10:42,1415359.0,2301398.0,134287298.0,258131944.0,0.0,0.0,0.0,0.0
of:000000000000001a_3_2024-08-05 14:10:42,of:000000000000001a_3,2024-08-05 14:10:42,1415116.0,2301197.0,134261860.0,258107598.0,0.0,0.0,0.0,0.0
of:000000000000001d_1_2024-08-05 14:10:42,of:000000000000001d_1,2024-08-05 14:10:42,3716334.0,3714193.0,391489304.0,392270382.0,0.0,0.0,0.0,0.0
of:000000000000001d_2_2024-08-05 14:10:42,of:000000000000001d_2,2024-08-05 14:10:42,1415371.0,2301442.0,134287942.0,258132700.0,0.0,0.0,0.0,0.0
of:000000000000001d_3_2024-08-05 14:10:42,of:000000000000001d_3,2024-08-05 14:10:42,1415378.0,2301456.0,134271800.0,258117832.0,0.0,0.0,0.0,0.0
of:000000000000001e_1_2024-08-05 14:10:42,of:000000000000001e_1,2024-08-05 14:10:42,3727818.0,3726608.0,409044188.0,411176094.0,0.0,0.0,0.0,0.0
of:000000000000001e_2_2024-08-05 14:10:42,of:000000000000001e_2,2024-08-05 14:10:42,1427792.0,2301108.0,153186248.0,258126426.0,0.0,0.0,0.0,0.0
of:000000000000001e_3_2024-08-05 14:10:42,of:000000000000001e_3,2024-08-05 14:10:42,1415371.0,2313276.0,134279136.0,275679130.0,0.0,0.0,0.0,0.0
of:000000000000001b_1_2024-08-05 14:10:42,of:000000000000001b_1,2024-08-05 14:10:42,3716042.0,3713932.0,391477936.0,392258580.0,0.0,0.0,0.0,0.0
of:000000000000001b_2_2024-08-05 14:10:42,of:000000000000001b_2,2024-08-05 14:10:42,1415316.0,2301350.0,134285072.0,258129228.0,0.0,0.0,0.0,0.0
of:000000000000001b_3_2024-08-05 14:10:42,of:000000000000001b_3,2024-08-05 14:10:42,1415169.0,2301251.0,134262798.0,258109306.0,0.0,0.0,0.0,0.0
of:000000000000001c_1_2024-08-05 14:10:42,of:000000000000001c_1,2024-08-05 14:10:42,3716031.0,3713914.0,391476690.0,392257740.0,0.0,0.0,0.0,0.0
of:000000000000001c_2_2024-08-05 14:10:42,of:000000000000001c_2,2024-08-05 14:10:42,1415180.0,2301220.0,134278912.0,258123460.0,0.0,0.0,0.0,0.0
of:000000000000001c_3_2024-08-05 14:10:42,of:000000000000001c_3,2024-08-05 14:10:42,1415284.0,2301373.0,134267880.0,258114430.0,0.0,0.0,0.0,0.0
of:000000000000001f_1_2024-08-05 14:10:42,of:000000000000001f_1,2024-08-05 14:10:42,3715226.0,3713560.0,391426544.0,392240072.0,0.0,0.0,0.0,0.0
of:000000000000001f_2_2024-08-05 14:10:42,of:000000000000001f_2,2024-08-05 14:10:42,1415271.0,2300882.0,134281866.0,258095152.0,0.0,0.0,0.0,0.0
of:000000000000001f_3_2024-08-05 14:10:42,of:000000000000001f_3,2024-08-05 14:10:42,1414850.0,2300496.0,134247916.0,258063792.0,0.0,0.0,0.0,0.0
of:0000000000000021_1_2024-08-05 14:10:42,of:0000000000000021_1,2024-08-05 14:10:42,3715653.0,3713963.0,391444422.0,392257446.0,0.0,0.0,0.0,0.0
of:0000000000000021_2_2024-08-05 14:10:42,of:0000000000000021_2,2024-08-05 14:10:42,1415240.0,2300878.0,134280844.0,258095628.0,0.0,0.0,0.0,0.0
of:0000000000000021_3_2024-08-05 14:10:42,of:0000000000000021_3,2024-08-05 14:10:42,1415276.0,2300920.0,134265808.0,258082160.0,0.0,0.0,0.0,0.0
of:0000000000000022_1_2024-08-05 14:10:42,of:0000000000000022_1,2024-08-05 14:10:42,3714979.0,3713321.0,391413846.0,392228606.0,0.0,0.0,0.0,0.0
of:0000000000000022_2_2024-08-05 14:10:42,of:0000000000000022_2,2024-08-05 14:10:42,1415152.0,2300758.0,134275944.0,258088796.0,0.0,0.0,0.0,0.0
of:0000000000000022_3_2024-08-05 14:10:42,of:0000000000000022_3,2024-08-05 14:10:42,1414722.0,2300371.0,134241812.0,258057590.0,0.0,0.0,0.0,0.0
of:0000000000000020_1_2024-08-05 14:10:42,of:0000000000000020_1,2024-08-05 14:10:42,3715074.0,3713402.0,391420160.0,392232960.0,0.0,0.0,0.0,0.0
of:0000000000000020_2_2024-08-05 14:10:42,of:0000000000000020_2,2024-08-05 14:10:42,1414941.0,2300568.0,134267670.0,258081824.0,0.0,0.0,0.0,0.0
of:0000000000000020_3_2024-08-05 14:10:42,of:0000000000000020_3,2024-08-05 14:10:42,1415017.0,2300661.0,134254650.0,258070862.0,0.0,0.0,0.0,0.0
of:0000000000000025_1_2024-08-05 14:10:42,of:0000000000000025_1,2024-08-05 14:10:42,3715161.0,3713198.0,391427942.0,392222152.0,0.0,0.0,0.0,0.0
of:0000000000000025_2_2024-08-05 14:10:42,of:0000000000000025_2,2024-08-05 14:10:42,1415233.0,2301116.0,134278926.0,258110188.0,0.0,0.0,0.0,0.0
of:0000000000000025_3_2024-08-05 14:10:42,of:0000000000000025_3,2024-08-05 14:10:42,1414521.0,2300427.0,134232586.0,258065598.0,0.0,0.0,0.0,0.0
of:0000000000000003_1_2024-08-05 14:10:42,of:0000000000000003_1,2024-08-05 14:10:42,40542101.0,40522687.0,3947886441.0,3919523243.0,0.0,0.0,0.0,0.0
of:0000000000000003_2_2024-08-05 14:10:42,of:0000000000000003_2,2024-08-05 14:10:42,33353514.0,33355284.0,3224493384.0,3225884030.0,0.0,0.0,0.0,0.0
of:0000000000000003_3_2024-08-05 14:10:42,of:0000000000000003_3,2024-08-05 14:10:42,27690937.0,27710293.0,2689765435.0,2716803303.0,0.0,0.0,0.0,0.0
of:0000000000000003_4_2024-08-05 14:10:42,of:0000000000000003_4,2024-08-05 14:10:42,3713559.0,3715225.0,392239974.0,391426446.0,0.0,0.0,0.0,0.0
of:0000000000000003_5_2024-08-05 14:10:42,of:0000000000000003_5,2024-08-05 14:10:42,3713401.0,3715073.0,392232862.0,391420062.0,0.0,0.0,0.0,0.0
of:0000000000000003_6_2024-08-05 14:10:42,of:0000000000000003_6,2024-08-05 14:10:42,3713962.0,3715652.0,392257348.0,391444324.0,0.0,0.0,0.0,0.0
of:0000000000000003_7_2024-08-05 14:10:42,of:0000000000000003_7,2024-08-05 14:10:42,3713320.0,3714978.0,392228508.0,391413748.0,0.0,0.0,0.0,0.0
of:0000000000000003_8_2024-08-05 14:10:42,of:0000000000000003_8,2024-08-05 14:10:42,3714176.0,3715847.0,392266140.0,391450666.0,0.0,0.0,0.0,0.0
of:0000000000000026_1_2024-08-05 14:10:42,of:0000000000000026_1,2024-08-05 14:10:42,3715263.0,3713322.0,391432646.0,392225344.0,0.0,0.0,0.0,0.0
of:0000000000000026_2_2024-08-05 14:10:42,of:0000000000000026_2,2024-08-05 14:10:42,1414952.0,2300827.0,134266144.0,258097518.0,0.0,0.0,0.0,0.0
of:0000000000000026_3_2024-08-05 14:10:42,of:0000000000000026_3,2024-08-05 14:10:42,1414927.0,2300819.0,134248770.0,258082762.0,0.0,0.0,0.0,0.0
of:0000000000000004_1_2024-08-05 14:10:42,of:0000000000000004_1,2024-08-05 14:10:42,33355292.0,33353522.0,3225884814.0,3224494168.0,0.0,0.0,0.0,0.0
of:0000000000000004_2_2024-08-05 14:10:42,of:0000000000000004_2,2024-08-05 14:10:42,17873408.0,17888809.0,1751399847.0,1771735586.0,0.0,0.0,0.0,0.0
of:0000000000000004_3_2024-08-05 14:10:42,of:0000000000000004_3,2024-08-05 14:10:42,3713687.0,3715648.0,392242886.0,391449320.0,0.0,0.0,0.0,0.0
of:0000000000000004_4_2024-08-05 14:10:42,of:0000000000000004_4,2024-08-05 14:10:42,3713198.0,3715161.0,392222152.0,391427942.0,0.0,0.0,0.0,0.0
of:0000000000000004_5_2024-08-05 14:10:42,of:0000000000000004_5,2024-08-05 14:10:42,3713323.0,3715264.0,392225442.0,391432744.0,0.0,0.0,0.0,0.0
of:0000000000000004_6_2024-08-05 14:10:42,of:0000000000000004_6,2024-08-05 14:10:42,3726489.0,3715686.0,411155292.0,391458211.0,0.0,0.0,0.0,0.0
of:0000000000000004_7_2024-08-05 14:10:42,of:0000000000000004_7,2024-08-05 14:10:42,7877478.0,7879376.0,791499016.0,790701600.0,0.0,0.0,0.0,0.0
of:0000000000000001_1_2024-08-05 14:10:42,of:0000000000000001_1,2024-08-05 14:10:42,30607787.0,30606778.0,2959625929.0,2959578437.0,0.0,0.0,0.0,0.0
of:0000000000000001_2_2024-08-05 14:10:42,of:0000000000000001_2,2024-08-05 14:10:42,16455764.0,16457520.0,1616983536.0,1617066296.0,0.0,0.0,0.0,0.0
of:0000000000000001_3_2024-08-05 14:10:42,of:0000000000000001_3,2024-08-05 14:10:42,3715160.0,3717253.0,392333480.0,391549098.0,0.0,0.0,0.0,0.0
of:0000000000000001_4_2024-08-05 14:10:42,of:0000000000000001_4,2024-08-05 14:10:42,3714789.0,3716884.0,392316526.0,391532592.0,0.0,0.0,0.0,0.0
of:0000000000000001_5_2024-08-05 14:10:42,of:0000000000000001_5,2024-08-05 14:10:42,3715209.0,3717303.0,392334530.0,391548398.0,0.0,0.0,0.0,0.0
of:0000000000000001_6_2024-08-05 14:10:42,of:0000000000000001_6,2024-08-05 14:10:42,3714466.0,3716604.0,392282464.0,391501008.0,0.0,0.0,0.0,0.0
of:0000000000000001_7_2024-08-05 14:10:42,of:0000000000000001_7,2024-08-05 14:10:42,3726637.0,3728792.0,409865996.0,409086568.0,0.0,0.0,0.0,0.0
of:0000000000000023_1_2024-08-05 14:10:42,of:0000000000000023_1,2024-08-05 14:10:42,3715847.0,3714176.0,391450666.0,392266140.0,0.0,0.0,0.0,0.0
of:0000000000000023_2_2024-08-05 14:10:42,of:0000000000000023_2,2024-08-05 14:10:42,1415526.0,2301151.0,134292212.0,258106170.0,0.0,0.0,0.0,0.0
of:0000000000000023_3_2024-08-05 14:10:42,of:0000000000000023_3,2024-08-05 14:10:42,1415203.0,2300851.0,134263078.0,258079206.0,0.0,0.0,0.0,0.0
of:0000000000000024_1_2024-08-05 14:10:42,of:0000000000000024_1,2024-08-05 14:10:42,3715648.0,3713687.0,391449320.0,392242886.0,0.0,0.0,0.0,0.0
of:0000000000000024_2_2024-08-05 14:10:42,of:0000000000000024_2,2024-08-05 14:10:42,1415425.0,2301303.0,134287074.0,258118630.0,0.0,0.0,0.0,0.0
of:0000000000000024_3_2024-08-05 14:10:42,of:0000000000000024_3,2024-08-05 14:10:42,1414814.0,2300728.0,134244948.0,258078660.0,0.0,0.0,0.0,0.0
of:0000000000000002_1_2024-08-05 14:10:42,of:0000000000000002_1,2024-08-05 14:10:42,30606796.0,30607805.0,2959580145.0,2959627637.0,0.0,0.0,0.0,0.0
of:0000000000000002_2_2024-08-05 14:10:42,of:0000000000000002_2,2024-08-05 14:10:42,40522714.0,40542128.0,3919525833.0,3947889031.0,0.0,0.0,0.0,0.0
of:0000000000000002_3_2024-08-05 14:10:42,of:0000000000000002_3,2024-08-05 14:10:42,13660690.0,13644364.0,1395851912.0,1368943654.0,0.0,0.0,0.0,0.0
of:0000000000000002_4_2024-08-05 14:10:42,of:0000000000000002_4,2024-08-05 14:10:42,3713925.0,3716034.0,392260190.0,391478496.0,0.0,0.0,0.0,0.0
of:0000000000000002_5_2024-08-05 14:10:42,of:0000000000000002_5,2024-08-05 14:10:42,3713934.0,3716044.0,392258776.0,391478132.0,0.0,0.0,0.0,0.0
of:0000000000000002_6_2024-08-05 14:10:42,of:0000000000000002_6,2024-08-05 14:10:42,3713915.0,3716032.0,392257838.0,391476788.0,0.0,0.0,0.0,0.0
of:0000000000000002_7_2024-08-05 14:10:42,of:0000000000000002_7,2024-08-05 14:10:42,3714194.0,3716335.0,392270480.0,391489402.0,0.0,0.0,0.0,0.0
of:0000000000000002_8_2024-08-05 14:10:42,of:0000000000000002_8,2024-08-05 14:10:42,3726610.0,3727820.0,411176290.0,409044384.0,0.0,0.0,0.0,0.0
of:0000000000000007_1_2024-08-05 14:10:42,of:0000000000000007_1,2024-08-05 14:10:42,27710293.0,27690937.0,2716803303.0,2689765435.0,0.0,0.0,0.0,0.0
of:0000000000000007_2_2024-08-05 14:10:42,of:0000000000000007_2,2024-08-05 14:10:42,9385890.0,9405912.0,949415905.0,975618233.0,0.0,0.0,0.0,0.0
of:0000000000000007_3_2024-08-05 14:10:42,of:0000000000000007_3,2024-08-05 14:10:42,10704904.0,10706807.0,1059832508.0,1059032978.0,0.0,0.0,0.0,0.0
of:0000000000000007_4_2024-08-05 14:10:42,of:0000000000000007_4,2024-08-05 14:10:42,9368763.0,9370648.0,928942518.0,928145060.0,0.0,0.0,0.0,0.0
of:0000000000000008_1_2024-08-05 14:10:42,of:0000000000000008_1,2024-08-05 14:10:42,17888809.0,17873408.0,1771735586.0,1751399847.0,0.0,0.0,0.0,0.0
of:0000000000000008_2_2024-08-05 14:10:42,of:0000000000000008_2,2024-08-05 14:10:42,2299091.0,2313887.0,258009781.0,276125456.0,0.0,0.0,0.0,0.0
of:0000000000000008_3_2024-08-05 14:10:42,of:0000000000000008_3,2024-08-05 14:10:42,9386584.0,9376676.0,946909830.0,928561462.0,0.0,0.0,0.0,0.0
of:0000000000000008_4_2024-08-05 14:10:42,of:0000000000000008_4,2024-08-05 14:10:42,7956305.0,7971051.0,794902400.0,813014870.0,0.0,0.0,0.0,0.0
of:0000000000000005_1_2024-08-05 14:10:42,of:0000000000000005_1,2024-08-05 14:10:42,16457516.0,16455760.0,1617065904.0,1616983144.0,0.0,0.0,0.0,0.0
of:0000000000000005_2_2024-08-05 14:10:42,of:0000000000000005_2,2024-08-05 14:10:42,7968249.0,7958549.0,811565520.0,794113591.0,0.0,0.0,0.0,0.0
of:0000000000000005_3_2024-08-05 14:10:42,of:0000000000000005_3,2024-08-05 14:10:42,9371286.0,9385217.0,929142488.0,945915377.0,0.0,0.0,0.0,0.0
of:0000000000000005_4_2024-08-05 14:10:42,of:0000000000000005_4,2024-08-05 14:10:42,3713974.0,3716108.0,392256004.0,391473430.0,0.0,0.0,0.0,0.0
of:0000000000000027_1_2024-08-05 14:10:42,of:0000000000000027_1,2024-08-05 14:10:42,3715687.0,3726490.0,391458309.0,411155390.0,0.0,0.0,0.0,0.0
of:0000000000000027_2_2024-08-05 14:10:42,of:0000000000000027_2,2024-08-05 14:10:42,1415221.0,2301091.0,134276714.0,258108578.0,0.0,0.0,0.0,0.0
of:0000000000000027_3_2024-08-05 14:10:42,of:0000000000000027_3,2024-08-05 14:10:42,1427822.0,2300982.0,153167882.0,258097911.0,0.0,0.0,0.0,0.0
of:0000000000000006_1_2024-08-05 14:10:42,of:0000000000000006_1,2024-08-05 14:10:42,13644355.0,13660681.0,1368942828.0,1395851086.0,0.0,0.0,0.0,0.0
of:0000000000000006_2_2024-08-05 14:10:42,of:0000000000000006_2,2024-08-05 14:10:42,3713613.0,3727568.0,392248661.0,409019876.0,0.0,0.0,0.0,0.0
of:0000000000000006_3_2024-08-05 14:10:42,of:0000000000000006_3,2024-08-05 14:10:42,3757847.0,3716326.0,457111526.0,391517029.0,0.0,0.0,0.0,0.0
of:0000000000000006_4_2024-08-05 14:10:42,of:0000000000000006_4,2024-08-05 14:10:42,7957848.0,7973684.0,794916717.0,814402477.0,0.0,0.0,0.0,0.0
of:0000000000000028_1_2024-08-05 14:10:42,of:0000000000000028_1,2024-08-05 14:10:42,7879373.0,7877475.0,790701306.0,791498722.0,0.0,0.0,0.0,0.0
of:0000000000000028_2_2024-08-05 14:10:42,of:0000000000000028_2,2024-08-05 14:10:42,1415099.0,2300963.0,134270722.0,258102138.0,0.0,0.0,0.0,0.0
of:0000000000000028_3_2024-08-05 14:10:42,of:0000000000000028_3,2024-08-05 14:10:42,5578931.0,6464794.0,533517290.0,657347152.0,0.0,0.0,0.0,0.0
of:0000000000000009_1_2024-08-05 14:10:42,of:0000000000000009_1,2024-08-05 14:10:42,7958549.0,7968249.0,794113591.0,811565520.0,0.0,0.0,0.0,0.0
of:0000000000000009_2_2024-08-05 14:10:42,of:0000000000000009_2,2024-08-05 14:10:42,1426987.0,2300777.0,151830078.0,257206523.0,0.0,0.0,0.0,0.0
of:0000000000000009_3_2024-08-05 14:10:42,of:0000000000000009_3,2024-08-05 14:10:42,5657831.0,6543444.0,536910190.0,659839866.0,0.0,0.0,0.0,0.0
of:000000000000000c_1_2024-08-05 14:11:42,of:000000000000000c_1,2024-08-05 14:11:42,3727732.0,3713777.0,409037058.0,392265881.0,0.0,0.0,0.0,0.0
of:000000000000000c_2_2024-08-05 14:11:42,of:000000000000000c_2,2024-08-05 14:11:42,1415032.0,2301142.0,134265584.0,258115704.0,0.0,0.0,0.0,0.0
of:000000000000000c_3_2024-08-05 14:11:42,of:000000000000000c_3,2024-08-05 14:11:42,1415261.0,2313193.0,134284197.0,275688010.0,0.0,0.0,0.0,0.0
of:000000000000000d_1_2024-08-05 14:11:42,of:000000000000000d_1,2024-08-05 14:11:42,3716485.0,3758006.0,391533945.0,457128480.0,0.0,0.0,0.0,0.0
of:000000000000000d_2_2024-08-05 14:11:42,of:000000000000000d_2,2024-08-05 14:11:42,1447385.0,2301657.0,181567110.0,258157830.0,0.0,0.0,0.0,0.0
of:000000000000000d_3_2024-08-05 14:11:42,of:000000000000000d_3,2024-08-05 14:11:42,1427130.0,2301419.0,151845004.0,258142155.0,0.0,0.0,0.0,0.0
of:000000000000000a_1_2024-08-05 14:11:42,of:000000000000000a_1,2024-08-05 14:11:42,9385627.0,9371696.0,945956163.0,929183312.0,0.0,0.0,0.0,0.0
of:000000000000000a_2_2024-08-05 14:11:42,of:000000000000000a_2,2024-08-05 14:11:42,1415523.0,2301658.0,134286934.0,258139392.0,0.0,0.0,0.0,0.0
of:000000000000000a_3_2024-08-05 14:11:42,of:000000000000000a_3,2024-08-05 14:11:42,7072683.0,7970564.0,671180082.0,812583229.0,0.0,0.0,0.0,0.0
of:000000000000000b_1_2024-08-05 14:11:42,of:000000000000000b_1,2024-08-05 14:11:42,3716268.0,3714134.0,391490388.0,392273000.0,0.0,0.0,0.0,0.0
of:000000000000000b_2_2024-08-05 14:11:42,of:000000000000000b_2,2024-08-05 14:11:42,1415072.0,2301156.0,134267712.0,258115396.0,0.0,0.0,0.0,0.0
of:000000000000000b_3_2024-08-05 14:11:42,of:000000000000000b_3,2024-08-05 14:11:42,1415580.0,2301710.0,134289384.0,258141492.0,0.0,0.0,0.0,0.0
of:000000000000000e_1_2024-08-05 14:11:42,of:000000000000000e_1,2024-08-05 14:11:42,7974035.0,7958199.0,814437425.0,794951703.0,0.0,0.0,0.0,0.0
of:000000000000000e_2_2024-08-05 14:11:42,of:000000000000000e_2,2024-08-05 14:11:42,7074305.0,7974034.0,671207003.0,815320545.0,0.0,0.0,0.0,0.0
of:000000000000000f_1_2024-08-05 14:11:42,of:000000000000000f_1,2024-08-05 14:11:42,9406325.0,9386303.0,975659089.0,949456799.0,0.0,0.0,0.0,0.0
of:000000000000000f_2_2024-08-05 14:11:42,of:000000000000000f_2,2024-08-05 14:11:42,7072498.0,7958365.0,671095332.0,794934042.0,0.0,0.0,0.0,0.0
of:000000000000000f_3_2024-08-05 14:11:42,of:000000000000000f_3,2024-08-05 14:11:42,1430317.0,2334486.0,154645199.0,305489001.0,0.0,0.0,0.0,0.0
of:0000000000000010_1_2024-08-05 14:11:42,of:0000000000000010_1,2024-08-05 14:11:42,10707284.0,10705381.0,1059079938.0,1059879506.0,0.0,0.0,0.0,0.0
of:0000000000000010_2_2024-08-05 14:11:42,of:0000000000000010_2,2024-08-05 14:11:42,9821487.0,10707285.0,936134806.0,1059963198.0,0.0,0.0,0.0,0.0
of:0000000000000011_1_2024-08-05 14:11:42,of:0000000000000011_1,2024-08-05 14:11:42,9371063.0,9369178.0,928186000.0,928983496.0,0.0,0.0,0.0,0.0
of:0000000000000011_2_2024-08-05 14:11:42,of:0000000000000011_2,2024-08-05 14:11:42,7070623.0,7956479.0,671000230.0,794834950.0,0.0,0.0,0.0,0.0
of:0000000000000011_3_2024-08-05 14:11:42,of:0000000000000011_3,2024-08-05 14:11:42,1415072.0,2301111.0,134267292.0,258115018.0,0.0,0.0,0.0,0.0
of:0000000000000014_1_2024-08-05 14:11:42,of:0000000000000014_1,2024-08-05 14:11:42,7971398.0,7956652.0,813049538.0,794937106.0,0.0,0.0,0.0,0.0
of:0000000000000014_2_2024-08-05 14:11:42,of:0000000000000014_2,2024-08-05 14:11:42,7072758.0,7971396.0,671192406.0,813932588.0,0.0,0.0,0.0,0.0
of:0000000000000015_1_2024-08-05 14:11:42,of:0000000000000015_1,2024-08-05 14:11:42,3717416.0,3715323.0,391566238.0,392350658.0,0.0,0.0,0.0,0.0
of:0000000000000015_2_2024-08-05 14:11:42,of:0000000000000015_2,2024-08-05 14:11:42,1416339.0,2302383.0,134351362.0,258197170.0,0.0,0.0,0.0,0.0
of:0000000000000015_3_2024-08-05 14:11:42,of:0000000000000015_3,2024-08-05 14:11:42,1415504.0,2301596.0,134283476.0,258131832.0,0.0,0.0,0.0,0.0
of:0000000000000012_1_2024-08-05 14:11:42,of:0000000000000012_1,2024-08-05 14:11:42,2313988.0,2299192.0,276136632.0,258020995.0,0.0,0.0,0.0,0.0
of:0000000000000012_2_2024-08-05 14:11:42,of:0000000000000012_2,2024-08-05 14:11:42,1415300.0,2313990.0,134276435.0,277019962.0,0.0,0.0,0.0,0.0
of:0000000000000013_1_2024-08-05 14:11:42,of:0000000000000013_1,2024-08-05 14:11:42,9377083.0,9386991.0,928601898.0,946950304.0,0.0,0.0,0.0,0.0
of:0000000000000013_2_2024-08-05 14:11:42,of:0000000000000013_2,2024-08-05 14:11:42,7088391.0,7962453.0,688966016.0,795249532.0,0.0,0.0,0.0,0.0
of:0000000000000013_3_2024-08-05 14:11:42,of:0000000000000013_3,2024-08-05 14:11:42,1415117.0,2301057.0,134268258.0,258106058.0,0.0,0.0,0.0,0.0
of:0000000000000018_1_2024-08-05 14:11:42,of:0000000000000018_1,2024-08-05 14:11:42,3716763.0,3714625.0,391517812.0,392299306.0,0.0,0.0,0.0,0.0
of:0000000000000018_2_2024-08-05 14:11:42,of:0000000000000018_2,2024-08-05 14:11:42,1415808.0,2301372.0,134311000.0,258123320.0,0.0,0.0,0.0,0.0
of:0000000000000018_3_2024-08-05 14:11:42,of:0000000000000018_3,2024-08-05 14:11:42,1415362.0,2300948.0,134275216.0,258089132.0,0.0,0.0,0.0,0.0
of:0000000000000019_1_2024-08-05 14:11:42,of:0000000000000019_1,2024-08-05 14:11:42,3728945.0,3726792.0,409102646.0,409882390.0,0.0,0.0,0.0,0.0
of:0000000000000019_2_2024-08-05 14:11:42,of:0000000000000019_2,2024-08-05 14:11:42,1427713.0,2301450.0,151875459.0,258134052.0,0.0,0.0,0.0,0.0
of:0000000000000019_3_2024-08-05 14:11:42,of:0000000000000019_3,2024-08-05 14:11:42,1415648.0,2313076.0,134294933.0,275664184.0,0.0,0.0,0.0,0.0
of:0000000000000016_1_2024-08-05 14:11:42,of:0000000000000016_1,2024-08-05 14:11:42,3717045.0,3714950.0,391549536.0,392333508.0,0.0,0.0,0.0,0.0
of:0000000000000016_2_2024-08-05 14:11:42,of:0000000000000016_2,2024-08-05 14:11:42,1416021.0,2302067.0,134336858.0,258183114.0,0.0,0.0,0.0,0.0
of:0000000000000016_3_2024-08-05 14:11:42,of:0000000000000016_3,2024-08-05 14:11:42,1415447.0,2301541.0,134280690.0,258129186.0,0.0,0.0,0.0,0.0
of:0000000000000017_1_2024-08-05 14:11:42,of:0000000000000017_1,2024-08-05 14:11:42,3717466.0,3715372.0,391565538.0,392351708.0,0.0,0.0,0.0,0.0
of:0000000000000017_2_2024-08-05 14:11:42,of:0000000000000017_2,2024-08-05 14:11:42,1416295.0,2302343.0,134349066.0,258193334.0,0.0,0.0,0.0,0.0
of:0000000000000017_3_2024-08-05 14:11:42,of:0000000000000017_3,2024-08-05 14:11:42,1415593.0,2301684.0,134286542.0,258134828.0,0.0,0.0,0.0,0.0
of:000000000000001a_1_2024-08-05 14:11:42,of:000000000000001a_1,2024-08-05 14:11:42,3716195.0,3714086.0,391495440.0,392277172.0,0.0,0.0,0.0,0.0
of:000000000000001a_2_2024-08-05 14:11:42,of:000000000000001a_2,2024-08-05 14:11:42,1415422.0,2301499.0,134293248.0,258143214.0,0.0,0.0,0.0,0.0
of:000000000000001a_3_2024-08-05 14:11:42,of:000000000000001a_3,2024-08-05 14:11:42,1415179.0,2301298.0,134267810.0,258118868.0,0.0,0.0,0.0,0.0
of:000000000000001d_1_2024-08-05 14:11:42,of:000000000000001d_1,2024-08-05 14:11:42,3716495.0,3714354.0,391506304.0,392287420.0,0.0,0.0,0.0,0.0
of:000000000000001d_2_2024-08-05 14:11:42,of:000000000000001d_2,2024-08-05 14:11:42,1415432.0,2301541.0,134293752.0,258143830.0,0.0,0.0,0.0,0.0
of:000000000000001d_3_2024-08-05 14:11:42,of:000000000000001d_3,2024-08-05 14:11:42,1415440.0,2301556.0,134277708.0,258129060.0,0.0,0.0,0.0,0.0
of:000000000000001e_1_2024-08-05 14:11:42,of:000000000000001e_1,2024-08-05 14:11:42,3727979.0,3726769.0,409061244.0,411193188.0,0.0,0.0,0.0,0.0
of:000000000000001e_2_2024-08-05 14:11:42,of:000000000000001e_2,2024-08-05 14:11:42,1427853.0,2301207.0,153192114.0,258137612.0,0.0,0.0,0.0,0.0
of:000000000000001e_3_2024-08-05 14:11:42,of:000000000000001e_3,2024-08-05 14:11:42,1415433.0,2313376.0,134285044.0,275690358.0,0.0,0.0,0.0,0.0
of:000000000000001b_1_2024-08-05 14:11:42,of:000000000000001b_1,2024-08-05 14:11:42,3716203.0,3714093.0,391494936.0,392275618.0,0.0,0.0,0.0,0.0
of:000000000000001b_2_2024-08-05 14:11:42,of:000000000000001b_2,2024-08-05 14:11:42,1415376.0,2301448.0,134290840.0,258140316.0,0.0,0.0,0.0,0.0
of:000000000000001b_3_2024-08-05 14:11:42,of:000000000000001b_3,2024-08-05 14:11:42,1415232.0,2301352.0,134268748.0,258120576.0,0.0,0.0,0.0,0.0
of:000000000000001c_1_2024-08-05 14:11:42,of:000000000000001c_1,2024-08-05 14:11:42,3716196.0,3714079.0,391493858.0,392274946.0,0.0,0.0,0.0,0.0
of:000000000000001c_2_2024-08-05 14:11:42,of:000000000000001c_2,2024-08-05 14:11:42,1415243.0,2301321.0,134284806.0,258134674.0,0.0,0.0,0.0,0.0
of:000000000000001c_3_2024-08-05 14:11:42,of:000000000000001c_3,2024-08-05 14:11:42,1415348.0,2301475.0,134273872.0,258125742.0,0.0,0.0,0.0,0.0
of:000000000000001f_1_2024-08-05 14:11:42,of:000000000000001f_1,2024-08-05 14:11:42,3715386.0,3713720.0,391443502.0,392257068.0,0.0,0.0,0.0,0.0
of:000000000000001f_2_2024-08-05 14:11:42,of:000000000000001f_2,2024-08-05 14:11:42,1415331.0,2300980.0,134287634.0,258106240.0,0.0,0.0,0.0,0.0
of:000000000000001f_3_2024-08-05 14:11:42,of:000000000000001f_3,2024-08-05 14:11:42,1414912.0,2300596.0,134253824.0,258075020.0,0.0,0.0,0.0,0.0
of:0000000000000021_1_2024-08-05 14:11:42,of:0000000000000021_1,2024-08-05 14:11:42,3715815.0,3714125.0,391461464.0,392274526.0,0.0,0.0,0.0,0.0
of:0000000000000021_2_2024-08-05 14:11:42,of:0000000000000021_2,2024-08-05 14:11:42,1415301.0,2300977.0,134286654.0,258106758.0,0.0,0.0,0.0,0.0
of:0000000000000021_3_2024-08-05 14:11:42,of:0000000000000021_3,2024-08-05 14:11:42,1415339.0,2301021.0,134271758.0,258093430.0,0.0,0.0,0.0,0.0
of:0000000000000022_1_2024-08-05 14:11:42,of:0000000000000022_1,2024-08-05 14:11:42,3715141.0,3713483.0,391430888.0,392245686.0,0.0,0.0,0.0,0.0
of:0000000000000022_2_2024-08-05 14:11:42,of:0000000000000022_2,2024-08-05 14:11:42,1415214.0,2300858.0,134281852.0,258100024.0,0.0,0.0,0.0,0.0
of:0000000000000022_3_2024-08-05 14:11:42,of:0000000000000022_3,2024-08-05 14:11:42,1414784.0,2300471.0,134247664.0,258068762.0,0.0,0.0,0.0,0.0
of:0000000000000020_1_2024-08-05 14:11:42,of:0000000000000020_1,2024-08-05 14:11:42,3715236.0,3713564.0,391437202.0,392250040.0,0.0,0.0,0.0,0.0
of:0000000000000020_2_2024-08-05 14:11:42,of:0000000000000020_2,2024-08-05 14:11:42,1415003.0,2300668.0,134273578.0,258093052.0,0.0,0.0,0.0,0.0
of:0000000000000020_3_2024-08-05 14:11:42,of:0000000000000020_3,2024-08-05 14:11:42,1415079.0,2300761.0,134260502.0,258082034.0,0.0,0.0,0.0,0.0
of:0000000000000025_1_2024-08-05 14:11:42,of:0000000000000025_1,2024-08-05 14:11:42,3715323.0,3713360.0,391445040.0,392239288.0,0.0,0.0,0.0,0.0
of:0000000000000025_2_2024-08-05 14:11:42,of:0000000000000025_2,2024-08-05 14:11:42,1415294.0,2301215.0,134284792.0,258121374.0,0.0,0.0,0.0,0.0
of:0000000000000025_3_2024-08-05 14:11:42,of:0000000000000025_3,2024-08-05 14:11:42,1414584.0,2300528.0,134238536.0,258076868.0,0.0,0.0,0.0,0.0
of:0000000000000003_1_2024-08-05 14:11:42,of:0000000000000003_1,2024-08-05 14:11:42,40543860.0,40524446.0,3948055677.0,3919692479.0,0.0,0.0,0.0,0.0
of:0000000000000003_2_2024-08-05 14:11:42,of:0000000000000003_2,2024-08-05 14:11:42,33354967.0,33356737.0,3224633528.0,3226024174.0,0.0,0.0,0.0,0.0
of:0000000000000003_3_2024-08-05 14:11:42,of:0000000000000003_3,2024-08-05 14:11:42,27692154.0,27711510.0,2689882507.0,2716920375.0,0.0,0.0,0.0,0.0
of:0000000000000003_4_2024-08-05 14:11:42,of:0000000000000003_4,2024-08-05 14:11:42,3713720.0,3715386.0,392257068.0,391443502.0,0.0,0.0,0.0,0.0
of:0000000000000003_5_2024-08-05 14:11:42,of:0000000000000003_5,2024-08-05 14:11:42,3713563.0,3715235.0,392249942.0,391437104.0,0.0,0.0,0.0,0.0
of:0000000000000003_6_2024-08-05 14:11:42,of:0000000000000003_6,2024-08-05 14:11:42,3714125.0,3715815.0,392274526.0,391461464.0,0.0,0.0,0.0,0.0
of:0000000000000003_7_2024-08-05 14:11:42,of:0000000000000003_7,2024-08-05 14:11:42,3713483.0,3715141.0,392245686.0,391430888.0,0.0,0.0,0.0,0.0
of:0000000000000003_8_2024-08-05 14:11:42,of:0000000000000003_8,2024-08-05 14:11:42,3714338.0,3716009.0,392283220.0,391467708.0,0.0,0.0,0.0,0.0
of:0000000000000026_1_2024-08-05 14:11:42,of:0000000000000026_1,2024-08-05 14:11:42,3715425.0,3713484.0,391449688.0,392242424.0,0.0,0.0,0.0,0.0
of:0000000000000026_2_2024-08-05 14:11:42,of:0000000000000026_2,2024-08-05 14:11:42,1415014.0,2300927.0,134272052.0,258108746.0,0.0,0.0,0.0,0.0
of:0000000000000026_3_2024-08-05 14:11:42,of:0000000000000026_3,2024-08-05 14:11:42,1414989.0,2300919.0,134254622.0,258093934.0,0.0,0.0,0.0,0.0
of:0000000000000004_1_2024-08-05 14:11:42,of:0000000000000004_1,2024-08-05 14:11:42,33356746.0,33354976.0,3226025056.0,3224634410.0,0.0,0.0,0.0,0.0
of:0000000000000004_2_2024-08-05 14:11:42,of:0000000000000004_2,2024-08-05 14:11:42,17874188.0,17889589.0,1751475661.0,1771811400.0,0.0,0.0,0.0,0.0
of:0000000000000004_3_2024-08-05 14:11:42,of:0000000000000004_3,2024-08-05 14:11:42,3713847.0,3715808.0,392259882.0,391466278.0,0.0,0.0,0.0,0.0
of:0000000000000004_4_2024-08-05 14:11:42,of:0000000000000004_4,2024-08-05 14:11:42,3713360.0,3715323.0,392239288.0,391445040.0,0.0,0.0,0.0,0.0
of:0000000000000004_5_2024-08-05 14:11:42,of:0000000000000004_5,2024-08-05 14:11:42,3713485.0,3715426.0,392242522.0,391449786.0,0.0,0.0,0.0,0.0
of:0000000000000004_6_2024-08-05 14:11:42,of:0000000000000004_6,2024-08-05 14:11:42,3726649.0,3715846.0,411172288.0,391475169.0,0.0,0.0,0.0,0.0
of:0000000000000004_7_2024-08-05 14:11:42,of:0000000000000004_7,2024-08-05 14:11:42,7877824.0,7879722.0,791533624.0,790736170.0,0.0,0.0,0.0,0.0
of:0000000000000001_1_2024-08-05 14:11:42,of:0000000000000001_1,2024-08-05 14:11:42,30609122.0,30608113.0,2959754789.0,2959707297.0,0.0,0.0,0.0,0.0
of:0000000000000001_2_2024-08-05 14:11:42,of:0000000000000001_2,2024-08-05 14:11:42,16456476.0,16458232.0,1617053246.0,1617136006.0,0.0,0.0,0.0,0.0
of:0000000000000001_3_2024-08-05 14:11:42,of:0000000000000001_3,2024-08-05 14:11:42,3715323.0,3717416.0,392350658.0,391566238.0,0.0,0.0,0.0,0.0
of:0000000000000001_4_2024-08-05 14:11:42,of:0000000000000001_4,2024-08-05 14:11:42,3714952.0,3717047.0,392333704.0,391549732.0,0.0,0.0,0.0,0.0
of:0000000000000001_5_2024-08-05 14:11:42,of:0000000000000001_5,2024-08-05 14:11:42,3715372.0,3717466.0,392351708.0,391565538.0,0.0,0.0,0.0,0.0
of:0000000000000001_6_2024-08-05 14:11:42,of:0000000000000001_6,2024-08-05 14:11:42,3714628.0,3716766.0,392299600.0,391518106.0,0.0,0.0,0.0,0.0
of:0000000000000001_7_2024-08-05 14:11:42,of:0000000000000001_7,2024-08-05 14:11:42,3726801.0,3728954.0,409883356.0,409103610.0,0.0,0.0,0.0,0.0
of:0000000000000023_1_2024-08-05 14:11:42,of:0000000000000023_1,2024-08-05 14:11:42,3716010.0,3714339.0,391467806.0,392283318.0,0.0,0.0,0.0,0.0
of:0000000000000023_2_2024-08-05 14:11:42,of:0000000000000023_2,2024-08-05 14:11:42,1415588.0,2301251.0,134298120.0,258117398.0,0.0,0.0,0.0,0.0
of:0000000000000023_3_2024-08-05 14:11:42,of:0000000000000023_3,2024-08-05 14:11:42,1415266.0,2300952.0,134269028.0,258090476.0,0.0,0.0,0.0,0.0
of:0000000000000024_1_2024-08-05 14:11:42,of:0000000000000024_1,2024-08-05 14:11:42,3715807.0,3713846.0,391466180.0,392259784.0,0.0,0.0,0.0,0.0
of:0000000000000024_2_2024-08-05 14:11:42,of:0000000000000024_2,2024-08-05 14:11:42,1415485.0,2301401.0,134292842.0,258129718.0,0.0,0.0,0.0,0.0
of:0000000000000024_3_2024-08-05 14:11:42,of:0000000000000024_3,2024-08-05 14:11:42,1414875.0,2300827.0,134250758.0,258089790.0,0.0,0.0,0.0,0.0
of:0000000000000002_1_2024-08-05 14:11:42,of:0000000000000002_1,2024-08-05 14:11:42,30608126.0,30609133.0,2959708597.0,2959755811.0,0.0,0.0,0.0,0.0
of:0000000000000002_2_2024-08-05 14:11:42,of:0000000000000002_2,2024-08-05 14:11:42,40524474.0,40543886.0,3919695249.0,3948058169.0,0.0,0.0,0.0,0.0
of:0000000000000002_3_2024-08-05 14:11:42,of:0000000000000002_3,2024-08-05 14:11:42,13661284.0,13644956.0,1395910140.0,1369001604.0,0.0,0.0,0.0,0.0
of:0000000000000002_4_2024-08-05 14:11:42,of:0000000000000002_4,2024-08-05 14:11:42,3714087.0,3716196.0,392277270.0,391495538.0,0.0,0.0,0.0,0.0
of:0000000000000002_5_2024-08-05 14:11:42,of:0000000000000002_5,2024-08-05 14:11:42,3714097.0,3716205.0,392276094.0,391495132.0,0.0,0.0,0.0,0.0
of:0000000000000002_6_2024-08-05 14:11:42,of:0000000000000002_6,2024-08-05 14:11:42,3714082.0,3716197.0,392275324.0,391493956.0,0.0,0.0,0.0,0.0
of:0000000000000002_7_2024-08-05 14:11:42,of:0000000000000002_7,2024-08-05 14:11:42,3714357.0,3716496.0,392287798.0,391506402.0,0.0,0.0,0.0,0.0
of:0000000000000002_8_2024-08-05 14:11:42,of:0000000000000002_8,2024-08-05 14:11:42,3726769.0,3727979.0,411193188.0,409061244.0,0.0,0.0,0.0,0.0
of:0000000000000007_1_2024-08-05 14:11:42,of:0000000000000007_1,2024-08-05 14:11:42,27711510.0,27692154.0,2716920375.0,2689882507.0,0.0,0.0,0.0,0.0
of:0000000000000007_2_2024-08-05 14:11:42,of:0000000000000007_2,2024-08-05 14:11:42,9386298.0,9406320.0,949456309.0,975658599.0,0.0,0.0,0.0,0.0
of:0000000000000007_3_2024-08-05 14:11:42,of:0000000000000007_3,2024-08-05 14:11:42,10705378.0,10707281.0,1059879268.0,1059079700.0,0.0,0.0,0.0,0.0
of:0000000000000007_4_2024-08-05 14:11:42,of:0000000000000007_4,2024-08-05 14:11:42,9369174.0,9371059.0,928983104.0,928185608.0,0.0,0.0,0.0,0.0
of:0000000000000008_1_2024-08-05 14:11:42,of:0000000000000008_1,2024-08-05 14:11:42,17889589.0,17874188.0,1771811400.0,1751475661.0,0.0,0.0,0.0,0.0
of:0000000000000008_2_2024-08-05 14:11:42,of:0000000000000008_2,2024-08-05 14:11:42,2299192.0,2313988.0,258020995.0,276136632.0,0.0,0.0,0.0,0.0
of:0000000000000008_3_2024-08-05 14:11:42,of:0000000000000008_3,2024-08-05 14:11:42,9386992.0,9377084.0,946950402.0,928601996.0,0.0,0.0,0.0,0.0
of:0000000000000008_4_2024-08-05 14:11:42,of:0000000000000008_4,2024-08-05 14:11:42,7956652.0,7971398.0,794937106.0,813049538.0,0.0,0.0,0.0,0.0
of:0000000000000005_1_2024-08-05 14:11:42,of:0000000000000005_1,2024-08-05 14:11:42,16458227.0,16456471.0,1617135516.0,1617052756.0,0.0,0.0,0.0,0.0
of:0000000000000005_2_2024-08-05 14:11:42,of:0000000000000005_2,2024-08-05 14:11:42,7968593.0,7958893.0,811600062.0,794148133.0,0.0,0.0,0.0,0.0
of:0000000000000005_3_2024-08-05 14:11:42,of:0000000000000005_3,2024-08-05 14:11:42,9371693.0,9385624.0,929183018.0,945955869.0,0.0,0.0,0.0,0.0
of:0000000000000005_4_2024-08-05 14:11:42,of:0000000000000005_4,2024-08-05 14:11:42,3714134.0,3716268.0,392273000.0,391490388.0,0.0,0.0,0.0,0.0
of:0000000000000027_1_2024-08-05 14:11:42,of:0000000000000027_1,2024-08-05 14:11:42,3715847.0,3726650.0,391475267.0,411172386.0,0.0,0.0,0.0,0.0
of:0000000000000027_2_2024-08-05 14:11:42,of:0000000000000027_2,2024-08-05 14:11:42,1415281.0,2301189.0,134282482.0,258119666.0,0.0,0.0,0.0,0.0
of:0000000000000027_3_2024-08-05 14:11:42,of:0000000000000027_3,2024-08-05 14:11:42,1427884.0,2301082.0,153173790.0,258109139.0,0.0,0.0,0.0,0.0
of:0000000000000006_1_2024-08-05 14:11:42,of:0000000000000006_1,2024-08-05 14:11:42,13644953.0,13661279.0,1369001310.0,1395909568.0,0.0,0.0,0.0,0.0
of:0000000000000006_2_2024-08-05 14:11:42,of:0000000000000006_2,2024-08-05 14:11:42,3713777.0,3727732.0,392265881.0,409037058.0,0.0,0.0,0.0,0.0
of:0000000000000006_3_2024-08-05 14:11:42,of:0000000000000006_3,2024-08-05 14:11:42,3758006.0,3716485.0,457128480.0,391533945.0,0.0,0.0,0.0,0.0
of:0000000000000006_4_2024-08-05 14:11:42,of:0000000000000006_4,2024-08-05 14:11:42,7958199.0,7974035.0,794951703.0,814437425.0,0.0,0.0,0.0,0.0
of:0000000000000028_1_2024-08-05 14:11:42,of:0000000000000028_1,2024-08-05 14:11:42,7879721.0,7877823.0,790736072.0,791533526.0,0.0,0.0,0.0,0.0
of:0000000000000028_2_2024-08-05 14:11:42,of:0000000000000028_2,2024-08-05 14:11:42,1415160.0,2301062.0,134276588.0,258113324.0,0.0,0.0,0.0,0.0
of:0000000000000028_3_2024-08-05 14:11:42,of:0000000000000028_3,2024-08-05 14:11:42,5579180.0,6465081.0,533540908.0,657376090.0,0.0,0.0,0.0,0.0
of:0000000000000009_1_2024-08-05 14:11:42,of:0000000000000009_1,2024-08-05 14:11:42,7958893.0,7968593.0,794148133.0,811600062.0,0.0,0.0,0.0,0.0
of:0000000000000009_2_2024-08-05 14:11:42,of:0000000000000009_2,2024-08-05 14:11:42,1427050.0,2300878.0,151836028.0,257217755.0,0.0,0.0,0.0,0.0
of:0000000000000009_3_2024-08-05 14:11:42,of:0000000000000009_3,2024-08-05 14:11:42,5658074.0,6543725.0,536933500.0,659868458.0,0.0,0.0,0.0,0.0
of:000000000000000c_1_2024-08-05 14:12:43,of:000000000000000c_1,2024-08-05 14:12:43,3727898.0,3713943.0,409054462.0,392283325.0,0.0,0.0,0.0,0.0
of:000000000000000c_2_2024-08-05 14:12:43,of:000000000000000c_2,2024-08-05 14:12:43,1415095.0,2301246.0,134271478.0,258127268.0,0.0,0.0,0.0,0.0
of:000000000000000c_3_2024-08-05 14:12:43,of:000000000000000c_3,2024-08-05 14:12:43,1415324.0,2313296.0,134290147.0,275699560.0,0.0,0.0,0.0,0.0
of:000000000000000d_1_2024-08-05 14:12:43,of:000000000000000d_1,2024-08-05 14:12:43,3716648.0,3758169.0,391551223.0,457145798.0,0.0,0.0,0.0,0.0
of:000000000000000d_2_2024-08-05 14:12:43,of:000000000000000d_2,2024-08-05 14:12:43,1447447.0,2301759.0,181573018.0,258169338.0,0.0,0.0,0.0,0.0
of:000000000000000d_3_2024-08-05 14:12:43,of:000000000000000d_3,2024-08-05 14:12:43,1427191.0,2301520.0,151850814.0,258153565.0,0.0,0.0,0.0,0.0
of:000000000000000a_1_2024-08-05 14:12:43,of:000000000000000a_1,2024-08-05 14:12:43,9386037.0,9372106.0,945996975.0,929224164.0,0.0,0.0,0.0,0.0
of:000000000000000a_2_2024-08-05 14:12:43,of:000000000000000a_2,2024-08-05 14:12:43,1415586.0,2301761.0,134292884.0,258150942.0,0.0,0.0,0.0,0.0
of:000000000000000a_3_2024-08-05 14:12:43,of:000000000000000a_3,2024-08-05 14:12:43,7072990.0,7970911.0,671209384.0,812618131.0,0.0,0.0,0.0,0.0
of:000000000000000b_1_2024-08-05 14:12:43,of:000000000000000b_1,2024-08-05 14:12:43,3716433.0,3714299.0,391507750.0,392290402.0,0.0,0.0,0.0,0.0
of:000000000000000b_2_2024-08-05 14:12:43,of:000000000000000b_2,2024-08-05 14:12:43,1415135.0,2301260.0,134273662.0,258127016.0,0.0,0.0,0.0,0.0
of:000000000000000b_3_2024-08-05 14:12:43,of:000000000000000b_3,2024-08-05 14:12:43,1415642.0,2301812.0,134295236.0,258152944.0,0.0,0.0,0.0,0.0
of:000000000000000e_1_2024-08-05 14:12:43,of:000000000000000e_1,2024-08-05 14:12:43,7974385.0,7958549.0,814472469.0,794986787.0,0.0,0.0,0.0,0.0
of:000000000000000e_2_2024-08-05 14:12:43,of:000000000000000e_2,2024-08-05 14:12:43,7074615.0,7974385.0,671236487.0,815355699.0,0.0,0.0,0.0,0.0
of:000000000000000f_1_2024-08-05 14:12:43,of:000000000000000f_1,2024-08-05 14:12:43,9406732.0,9386710.0,975699607.0,949497357.0,0.0,0.0,0.0,0.0
of:000000000000000f_2_2024-08-05 14:12:43,of:000000000000000f_2,2024-08-05 14:12:43,7072803.0,7958710.0,671124438.0,794968748.0,0.0,0.0,0.0,0.0
of:000000000000000f_3_2024-08-05 14:12:43,of:000000000000000f_3,2024-08-05 14:12:43,1430379.0,2334588.0,154651051.0,305500453.0,0.0,0.0,0.0,0.0
of:0000000000000010_1_2024-08-05 14:12:43,of:0000000000000010_1,2024-08-05 14:12:43,10707763.0,10705860.0,1059126952.0,1059926560.0,0.0,0.0,0.0,0.0
of:0000000000000010_2_2024-08-05 14:12:43,of:0000000000000010_2,2024-08-05 14:12:43,9821926.0,10707764.0,936176260.0,1060010252.0,0.0,0.0,0.0,0.0
of:0000000000000011_1_2024-08-05 14:12:43,of:0000000000000011_1,2024-08-05 14:12:43,9371472.0,9369585.0,928226602.0,929023858.0,0.0,0.0,0.0,0.0
of:0000000000000011_2_2024-08-05 14:12:43,of:0000000000000011_2,2024-08-05 14:12:43,7070929.0,7956823.0,671029378.0,794869418.0,0.0,0.0,0.0,0.0
of:0000000000000011_3_2024-08-05 14:12:43,of:0000000000000011_3,2024-08-05 14:12:43,1415135.0,2301212.0,134273186.0,258126232.0,0.0,0.0,0.0,0.0
of:0000000000000014_1_2024-08-05 14:12:43,of:0000000000000014_1,2024-08-05 14:12:43,7971745.0,7957001.0,813084150.0,794972036.0,0.0,0.0,0.0,0.0
of:0000000000000014_2_2024-08-05 14:12:43,of:0000000000000014_2,2024-08-05 14:12:43,7073067.0,7971745.0,671221736.0,813967518.0,0.0,0.0,0.0,0.0
of:0000000000000015_1_2024-08-05 14:12:43,of:0000000000000015_1,2024-08-05 14:12:43,3717581.0,3715488.0,391583600.0,392368060.0,0.0,0.0,0.0,0.0
of:0000000000000015_2_2024-08-05 14:12:43,of:0000000000000015_2,2024-08-05 14:12:43,1416401.0,2302485.0,134357214.0,258208622.0,0.0,0.0,0.0,0.0
of:0000000000000015_3_2024-08-05 14:12:43,of:0000000000000015_3,2024-08-05 14:12:43,1415567.0,2301699.0,134289426.0,258143382.0,0.0,0.0,0.0,0.0
of:0000000000000012_1_2024-08-05 14:12:43,of:0000000000000012_1,2024-08-05 14:12:43,2314087.0,2299293.0,276147724.0,258032405.0,0.0,0.0,0.0,0.0
of:0000000000000012_2_2024-08-05 14:12:43,of:0000000000000012_2,2024-08-05 14:12:43,1415361.0,2314091.0,134282245.0,277031372.0,0.0,0.0,0.0,0.0
of:0000000000000013_1_2024-08-05 14:12:43,of:0000000000000013_1,2024-08-05 14:12:43,9377496.0,9387406.0,928642586.0,946991310.0,0.0,0.0,0.0,0.0
of:0000000000000013_2_2024-08-05 14:12:43,of:0000000000000013_2,2024-08-05 14:12:43,7088704.0,7962806.0,688995514.0,795284630.0,0.0,0.0,0.0,0.0
of:0000000000000013_3_2024-08-05 14:12:43,of:0000000000000013_3,2024-08-05 14:12:43,1415179.0,2301159.0,134274166.0,258117566.0,0.0,0.0,0.0,0.0
of:0000000000000018_1_2024-08-05 14:12:43,of:0000000000000018_1,2024-08-05 14:12:43,3716925.0,3714787.0,391534854.0,392316386.0,0.0,0.0,0.0,0.0
of:0000000000000018_2_2024-08-05 14:12:43,of:0000000000000018_2,2024-08-05 14:12:43,1415870.0,2301472.0,134316852.0,258134492.0,0.0,0.0,0.0,0.0
of:0000000000000018_3_2024-08-05 14:12:43,of:0000000000000018_3,2024-08-05 14:12:43,1415424.0,2301048.0,134281124.0,258100360.0,0.0,0.0,0.0,0.0
of:0000000000000019_1_2024-08-05 14:12:43,of:0000000000000019_1,2024-08-05 14:12:43,3729107.0,3726954.0,409119688.0,409899470.0,0.0,0.0,0.0,0.0
of:0000000000000019_2_2024-08-05 14:12:43,of:0000000000000019_2,2024-08-05 14:12:43,1427775.0,2301550.0,151881311.0,258145224.0,0.0,0.0,0.0,0.0
of:0000000000000019_3_2024-08-05 14:12:43,of:0000000000000019_3,2024-08-05 14:12:43,1415710.0,2313177.0,134300841.0,275675482.0,0.0,0.0,0.0,0.0
of:0000000000000016_1_2024-08-05 14:12:43,of:0000000000000016_1,2024-08-05 14:12:43,3717210.0,3715114.0,391566982.0,392350924.0,0.0,0.0,0.0,0.0
of:0000000000000016_2_2024-08-05 14:12:43,of:0000000000000016_2,2024-08-05 14:12:43,1416084.0,2302170.0,134342808.0,258194664.0,0.0,0.0,0.0,0.0
of:0000000000000016_3_2024-08-05 14:12:43,of:0000000000000016_3,2024-08-05 14:12:43,1415508.0,2301642.0,134286556.0,258140652.0,0.0,0.0,0.0,0.0
of:0000000000000017_1_2024-08-05 14:12:43,of:0000000000000017_1,2024-08-05 14:12:43,3717629.0,3715535.0,391582760.0,392368970.0,0.0,0.0,0.0,0.0
of:0000000000000017_2_2024-08-05 14:12:43,of:0000000000000017_2,2024-08-05 14:12:43,1416357.0,2302445.0,134354918.0,258204786.0,0.0,0.0,0.0,0.0
of:0000000000000017_3_2024-08-05 14:12:43,of:0000000000000017_3,2024-08-05 14:12:43,1415654.0,2301785.0,134292352.0,258146238.0,0.0,0.0,0.0,0.0
of:000000000000001a_1_2024-08-05 14:12:43,of:000000000000001a_1,2024-08-05 14:12:43,3716356.0,3714247.0,391512440.0,392294210.0,0.0,0.0,0.0,0.0
of:000000000000001a_2_2024-08-05 14:12:43,of:000000000000001a_2,2024-08-05 14:12:43,1415485.0,2301600.0,134299198.0,258154484.0,0.0,0.0,0.0,0.0
of:000000000000001a_3_2024-08-05 14:12:43,of:000000000000001a_3,2024-08-05 14:12:43,1415239.0,2301397.0,134273578.0,258130026.0,0.0,0.0,0.0,0.0
of:000000000000001d_1_2024-08-05 14:12:43,of:000000000000001d_1,2024-08-05 14:12:43,3716655.0,3714516.0,391523262.0,392304696.0,0.0,0.0,0.0,0.0
of:000000000000001d_2_2024-08-05 14:12:43,of:000000000000001d_2,2024-08-05 14:12:43,1415493.0,2301642.0,134299618.0,258155296.0,0.0,0.0,0.0,0.0
of:000000000000001d_3_2024-08-05 14:12:43,of:000000000000001d_3,2024-08-05 14:12:43,1415501.0,2301657.0,134283518.0,258140470.0,0.0,0.0,0.0,0.0
of:000000000000001e_1_2024-08-05 14:12:43,of:000000000000001e_1,2024-08-05 14:12:43,3728141.0,3726931.0,409078424.0,411210408.0,0.0,0.0,0.0,0.0
of:000000000000001e_2_2024-08-05 14:12:43,of:000000000000001e_2,2024-08-05 14:12:43,1427914.0,2301308.0,153197924.0,258149022.0,0.0,0.0,0.0,0.0
of:000000000000001e_3_2024-08-05 14:12:43,of:000000000000001e_3,2024-08-05 14:12:43,1415494.0,2313477.0,134290854.0,275701768.0,0.0,0.0,0.0,0.0
of:000000000000001b_1_2024-08-05 14:12:43,of:000000000000001b_1,2024-08-05 14:12:43,3716365.0,3714257.0,391511978.0,392292978.0,0.0,0.0,0.0,0.0
of:000000000000001b_2_2024-08-05 14:12:43,of:000000000000001b_2,2024-08-05 14:12:43,1415439.0,2301551.0,134296790.0,258151866.0,0.0,0.0,0.0,0.0
of:000000000000001b_3_2024-08-05 14:12:43,of:000000000000001b_3,2024-08-05 14:12:43,1415293.0,2301453.0,134274558.0,258131986.0,0.0,0.0,0.0,0.0
of:000000000000001c_1_2024-08-05 14:12:43,of:000000000000001c_1,2024-08-05 14:12:43,3716359.0,3714243.0,391510970.0,392292306.0,0.0,0.0,0.0,0.0
of:000000000000001c_2_2024-08-05 14:12:43,of:000000000000001c_2,2024-08-05 14:12:43,1415306.0,2301425.0,134290756.0,258146294.0,0.0,0.0,0.0,0.0
of:000000000000001c_3_2024-08-05 14:12:43,of:000000000000001c_3,2024-08-05 14:12:43,1415409.0,2301576.0,134279682.0,258137152.0,0.0,0.0,0.0,0.0
of:000000000000001f_1_2024-08-05 14:12:43,of:000000000000001f_1,2024-08-05 14:12:43,3715552.0,3713886.0,391460962.0,392274568.0,0.0,0.0,0.0,0.0
of:000000000000001f_2_2024-08-05 14:12:43,of:000000000000001f_2,2024-08-05 14:12:43,1415393.0,2301082.0,134293542.0,258117748.0,0.0,0.0,0.0,0.0
of:000000000000001f_3_2024-08-05 14:12:43,of:000000000000001f_3,2024-08-05 14:12:43,1414976.0,2300700.0,134259816.0,258086612.0,0.0,0.0,0.0,0.0
of:0000000000000021_1_2024-08-05 14:12:43,of:0000000000000021_1,2024-08-05 14:12:43,3715981.0,3714291.0,391478924.0,392292026.0,0.0,0.0,0.0,0.0
of:0000000000000021_2_2024-08-05 14:12:43,of:0000000000000021_2,2024-08-05 14:12:43,1415363.0,2301079.0,134292562.0,258118266.0,0.0,0.0,0.0,0.0
of:0000000000000021_3_2024-08-05 14:12:43,of:0000000000000021_3,2024-08-05 14:12:43,1415403.0,2301125.0,134277750.0,258105022.0,0.0,0.0,0.0,0.0
of:0000000000000022_1_2024-08-05 14:12:43,of:0000000000000022_1,2024-08-05 14:12:43,3715305.0,3713648.0,391448208.0,392263116.0,0.0,0.0,0.0,0.0
of:0000000000000022_2_2024-08-05 14:12:43,of:0000000000000022_2,2024-08-05 14:12:43,1415276.0,2300959.0,134287732.0,258111434.0,0.0,0.0,0.0,0.0
of:0000000000000022_3_2024-08-05 14:12:43,of:0000000000000022_3,2024-08-05 14:12:43,1414847.0,2300574.0,134253614.0,258080312.0,0.0,0.0,0.0,0.0
of:0000000000000020_1_2024-08-05 14:12:43,of:0000000000000020_1,2024-08-05 14:12:43,3715401.0,3713729.0,391454564.0,392267442.0,0.0,0.0,0.0,0.0
of:0000000000000020_2_2024-08-05 14:12:43,of:0000000000000020_2,2024-08-05 14:12:43,1415064.0,2300769.0,134279388.0,258104462.0,0.0,0.0,0.0,0.0
of:0000000000000020_3_2024-08-05 14:12:43,of:0000000000000020_3,2024-08-05 14:12:43,1415143.0,2300865.0,134266494.0,258093626.0,0.0,0.0,0.0,0.0
of:0000000000000025_1_2024-08-05 14:12:43,of:0000000000000025_1,2024-08-05 14:12:43,3715486.0,3713523.0,391462262.0,392256550.0,0.0,0.0,0.0,0.0
of:0000000000000025_2_2024-08-05 14:12:43,of:0000000000000025_2,2024-08-05 14:12:43,1415356.0,2301318.0,134290644.0,258132896.0,0.0,0.0,0.0,0.0
of:0000000000000025_3_2024-08-05 14:12:43,of:0000000000000025_3,2024-08-05 14:12:43,1414645.0,2300629.0,134244346.0,258088278.0,0.0,0.0,0.0,0.0
of:0000000000000003_1_2024-08-05 14:12:43,of:0000000000000003_1,2024-08-05 14:12:43,40545637.0,40526225.0,3948226005.0,3919863085.0,0.0,0.0,0.0,0.0
of:0000000000000003_2_2024-08-05 14:12:43,of:0000000000000003_2,2024-08-05 14:12:43,33356432.0,33358205.0,3224774232.0,3226165226.0,0.0,0.0,0.0,0.0
of:0000000000000003_3_2024-08-05 14:12:43,of:0000000000000003_3,2024-08-05 14:12:43,27693373.0,27712729.0,2689999913.0,2717037781.0,0.0,0.0,0.0,0.0
of:0000000000000003_4_2024-08-05 14:12:43,of:0000000000000003_4,2024-08-05 14:12:43,3713882.0,3715550.0,392274092.0,391460766.0,0.0,0.0,0.0,0.0
of:0000000000000003_5_2024-08-05 14:12:43,of:0000000000000003_5,2024-08-05 14:12:43,3713726.0,3715400.0,392267064.0,391454466.0,0.0,0.0,0.0,0.0
of:0000000000000003_6_2024-08-05 14:12:43,of:0000000000000003_6,2024-08-05 14:12:43,3714288.0,3715980.0,392291648.0,391478826.0,0.0,0.0,0.0,0.0
of:0000000000000003_7_2024-08-05 14:12:43,of:0000000000000003_7,2024-08-05 14:12:43,3713648.0,3715305.0,392263116.0,391448208.0,0.0,0.0,0.0,0.0
of:0000000000000003_8_2024-08-05 14:12:43,of:0000000000000003_8,2024-08-05 14:12:43,3714499.0,3716172.0,392300258.0,391484986.0,0.0,0.0,0.0,0.0
of:0000000000000026_1_2024-08-05 14:12:43,of:0000000000000026_1,2024-08-05 14:12:43,3715587.0,3713648.0,391466786.0,392259840.0,0.0,0.0,0.0,0.0
of:0000000000000026_2_2024-08-05 14:12:43,of:0000000000000026_2,2024-08-05 14:12:43,1415077.0,2301030.0,134278002.0,258120296.0,0.0,0.0,0.0,0.0
of:0000000000000026_3_2024-08-05 14:12:43,of:0000000000000026_3,2024-08-05 14:12:43,1415050.0,2301020.0,134260488.0,258105400.0,0.0,0.0,0.0,0.0
of:0000000000000004_1_2024-08-05 14:12:43,of:0000000000000004_1,2024-08-05 14:12:43,33358212.0,33356441.0,3226165856.0,3224775140.0,0.0,0.0,0.0,0.0
of:0000000000000004_2_2024-08-05 14:12:43,of:0000000000000004_2,2024-08-05 14:12:43,17874975.0,17890376.0,1751551963.0,1771887702.0,0.0,0.0,0.0,0.0
of:0000000000000004_3_2024-08-05 14:12:43,of:0000000000000004_3,2024-08-05 14:12:43,3714009.0,3715970.0,392277158.0,391483514.0,0.0,0.0,0.0,0.0
of:0000000000000004_4_2024-08-05 14:12:43,of:0000000000000004_4,2024-08-05 14:12:43,3713523.0,3715486.0,392256550.0,391462262.0,0.0,0.0,0.0,0.0
of:0000000000000004_5_2024-08-05 14:12:43,of:0000000000000004_5,2024-08-05 14:12:43,3713648.0,3715589.0,392259840.0,391467064.0,0.0,0.0,0.0,0.0
of:0000000000000004_6_2024-08-05 14:12:43,of:0000000000000004_6,2024-08-05 14:12:43,3726815.0,3716012.0,411189732.0,391492573.0,0.0,0.0,0.0,0.0
of:0000000000000004_7_2024-08-05 14:12:43,of:0000000000000004_7,2024-08-05 14:12:43,7878172.0,7880070.0,791568568.0,790771074.0,0.0,0.0,0.0,0.0
of:0000000000000001_1_2024-08-05 14:12:43,of:0000000000000001_1,2024-08-05 14:12:43,30610460.0,30609453.0,2959883327.0,2959836113.0,0.0,0.0,0.0,0.0
of:0000000000000001_2_2024-08-05 14:12:43,of:0000000000000001_2,2024-08-05 14:12:43,16457197.0,16458953.0,1617123472.0,1617206232.0,0.0,0.0,0.0,0.0
of:0000000000000001_3_2024-08-05 14:12:43,of:0000000000000001_3,2024-08-05 14:12:43,3715485.0,3717580.0,392367682.0,391583502.0,0.0,0.0,0.0,0.0
of:0000000000000001_4_2024-08-05 14:12:43,of:0000000000000001_4,2024-08-05 14:12:43,3715114.0,3717210.0,392350924.0,391566982.0,0.0,0.0,0.0,0.0
of:0000000000000001_5_2024-08-05 14:12:43,of:0000000000000001_5,2024-08-05 14:12:43,3715535.0,3717629.0,392368970.0,391582760.0,0.0,0.0,0.0,0.0
of:0000000000000001_6_2024-08-05 14:12:43,of:0000000000000001_6,2024-08-05 14:12:43,3714790.0,3716930.0,392316680.0,391535426.0,0.0,0.0,0.0,0.0
of:0000000000000001_7_2024-08-05 14:12:43,of:0000000000000001_7,2024-08-05 14:12:43,3726965.0,3729120.0,409900520.0,409121014.0,0.0,0.0,0.0,0.0
of:0000000000000023_1_2024-08-05 14:12:43,of:0000000000000023_1,2024-08-05 14:12:43,3716173.0,3714502.0,391485084.0,392300636.0,0.0,0.0,0.0,0.0
of:0000000000000023_2_2024-08-05 14:12:43,of:0000000000000023_2,2024-08-05 14:12:43,1415648.0,2301352.0,134303888.0,258128836.0,0.0,0.0,0.0,0.0
of:0000000000000023_3_2024-08-05 14:12:43,of:0000000000000023_3,2024-08-05 14:12:43,1415329.0,2301055.0,134274978.0,258102026.0,0.0,0.0,0.0,0.0
of:0000000000000024_1_2024-08-05 14:12:43,of:0000000000000024_1,2024-08-05 14:12:43,3715968.0,3714009.0,391483236.0,392277158.0,0.0,0.0,0.0,0.0
of:0000000000000024_2_2024-08-05 14:12:43,of:0000000000000024_2,2024-08-05 14:12:43,1415547.0,2301503.0,134298750.0,258141226.0,0.0,0.0,0.0,0.0
of:0000000000000024_3_2024-08-05 14:12:43,of:0000000000000024_3,2024-08-05 14:12:43,1414936.0,2300928.0,134256624.0,258101256.0,0.0,0.0,0.0,0.0
of:0000000000000002_1_2024-08-05 14:12:43,of:0000000000000002_1,2024-08-05 14:12:43,30609471.0,30610480.0,2959837877.0,2959885369.0,0.0,0.0,0.0,0.0
of:0000000000000002_2_2024-08-05 14:12:43,of:0000000000000002_2,2024-08-05 14:12:43,40526252.0,40545666.0,3919865731.0,3948228929.0,0.0,0.0,0.0,0.0
of:0000000000000002_3_2024-08-05 14:12:43,of:0000000000000002_3,2024-08-05 14:12:43,13661882.0,13645556.0,1395968566.0,1369060308.0,0.0,0.0,0.0,0.0
of:0000000000000002_4_2024-08-05 14:12:43,of:0000000000000002_4,2024-08-05 14:12:43,3714250.0,3716359.0,392294588.0,391512816.0,0.0,0.0,0.0,0.0
of:0000000000000002_5_2024-08-05 14:12:43,of:0000000000000002_5,2024-08-05 14:12:43,3714259.0,3716369.0,392293174.0,391512452.0,0.0,0.0,0.0,0.0
of:0000000000000002_6_2024-08-05 14:12:43,of:0000000000000002_6,2024-08-05 14:12:43,3714244.0,3716362.0,392292404.0,391511346.0,0.0,0.0,0.0,0.0
of:0000000000000002_7_2024-08-05 14:12:43,of:0000000000000002_7,2024-08-05 14:12:43,3714517.0,3716658.0,392304794.0,391523638.0,0.0,0.0,0.0,0.0
of:0000000000000002_8_2024-08-05 14:12:43,of:0000000000000002_8,2024-08-05 14:12:43,3726933.0,3728143.0,411210604.0,409078620.0,0.0,0.0,0.0,0.0
of:0000000000000007_1_2024-08-05 14:12:43,of:0000000000000007_1,2024-08-05 14:12:43,27712729.0,27693373.0,2717037781.0,2689999913.0,0.0,0.0,0.0,0.0
of:0000000000000007_2_2024-08-05 14:12:43,of:0000000000000007_2,2024-08-05 14:12:43,9386707.0,9406731.0,949496979.0,975699509.0,0.0,0.0,0.0,0.0
of:0000000000000007_3_2024-08-05 14:12:43,of:0000000000000007_3,2024-08-05 14:12:43,10705853.0,10707758.0,1059925790.0,1059126462.0,0.0,0.0,0.0,0.0
of:0000000000000007_4_2024-08-05 14:12:43,of:0000000000000007_4,2024-08-05 14:12:43,9369583.0,9371470.0,929023718.0,928226462.0,0.0,0.0,0.0,0.0
of:0000000000000008_1_2024-08-05 14:12:43,of:0000000000000008_1,2024-08-05 14:12:43,17890377.0,17874976.0,1771887800.0,1751552061.0,0.0,0.0,0.0,0.0
of:0000000000000008_2_2024-08-05 14:12:43,of:0000000000000008_2,2024-08-05 14:12:43,2299294.0,2314090.0,258032503.0,276148100.0,0.0,0.0,0.0,0.0
of:0000000000000008_3_2024-08-05 14:12:43,of:0000000000000008_3,2024-08-05 14:12:43,9387408.0,9377500.0,946991506.0,928643060.0,0.0,0.0,0.0,0.0
of:0000000000000008_4_2024-08-05 14:12:43,of:0000000000000008_4,2024-08-05 14:12:43,7957002.0,7971748.0,794972134.0,813084526.0,0.0,0.0,0.0,0.0
of:0000000000000005_1_2024-08-05 14:12:43,of:0000000000000005_1,2024-08-05 14:12:43,16458951.0,16457195.0,1617206036.0,1617123276.0,0.0,0.0,0.0,0.0
of:0000000000000005_2_2024-08-05 14:12:43,of:0000000000000005_2,2024-08-05 14:12:43,7968946.0,7959246.0,811635232.0,794183303.0,0.0,0.0,0.0,0.0
of:0000000000000005_3_2024-08-05 14:12:43,of:0000000000000005_3,2024-08-05 14:12:43,9372103.0,9386034.0,929223870.0,945996681.0,0.0,0.0,0.0,0.0
of:0000000000000005_4_2024-08-05 14:12:43,of:0000000000000005_4,2024-08-05 14:12:43,3714299.0,3716433.0,392290402.0,391507750.0,0.0,0.0,0.0,0.0
of:0000000000000027_1_2024-08-05 14:12:43,of:0000000000000027_1,2024-08-05 14:12:43,3716013.0,3726816.0,391492671.0,411189830.0,0.0,0.0,0.0,0.0
of:0000000000000027_2_2024-08-05 14:12:43,of:0000000000000027_2,2024-08-05 14:12:43,1415344.0,2301292.0,134288432.0,258131216.0,0.0,0.0,0.0,0.0
of:0000000000000027_3_2024-08-05 14:12:43,of:0000000000000027_3,2024-08-05 14:12:43,1427947.0,2301185.0,153179684.0,258120633.0,0.0,0.0,0.0,0.0
of:0000000000000006_1_2024-08-05 14:12:43,of:0000000000000006_1,2024-08-05 14:12:43,13645546.0,13661874.0,1369059246.0,1395967782.0,0.0,0.0,0.0,0.0
of:0000000000000006_2_2024-08-05 14:12:43,of:0000000000000006_2,2024-08-05 14:12:43,3713943.0,3727898.0,392283325.0,409054462.0,0.0,0.0,0.0,0.0
of:0000000000000006_3_2024-08-05 14:12:43,of:0000000000000006_3,2024-08-05 14:12:43,3758169.0,3716648.0,457145798.0,391551223.0,0.0,0.0,0.0,0.0
of:0000000000000006_4_2024-08-05 14:12:43,of:0000000000000006_4,2024-08-05 14:12:43,7958545.0,7974381.0,794986395.0,814472077.0,0.0,0.0,0.0,0.0
of:0000000000000028_1_2024-08-05 14:12:43,of:0000000000000028_1,2024-08-05 14:12:43,7880066.0,7878170.0,790770600.0,791568372.0,0.0,0.0,0.0,0.0
of:0000000000000028_2_2024-08-05 14:12:43,of:0000000000000028_2,2024-08-05 14:12:43,1415221.0,2301163.0,134282398.0,258124734.0,0.0,0.0,0.0,0.0
of:0000000000000028_3_2024-08-05 14:12:43,of:0000000000000028_3,2024-08-05 14:12:43,5579426.0,6465367.0,533564344.0,657405126.0,0.0,0.0,0.0,0.0
of:0000000000000009_1_2024-08-05 14:12:43,of:0000000000000009_1,2024-08-05 14:12:43,7959244.0,7968946.0,794183025.0,811635232.0,0.0,0.0,0.0,0.0
of:0000000000000009_2_2024-08-05 14:12:43,of:0000000000000009_2,2024-08-05 14:12:43,1427112.0,2300980.0,151841880.0,257229167.0,0.0,0.0,0.0,0.0
of:0000000000000009_3_2024-08-05 14:12:43,of:0000000000000009_3,2024-08-05 14:12:43,5658325.0,6544016.0,536957258.0,659897776.0,0.0,0.0,0.0,0.0
of:000000000000000c_1_2024-08-05 14:13:43,of:000000000000000c_1,2024-08-05 14:13:43,3728062.0,3714107.0,409071588.0,392300489.0,0.0,0.0,0.0,0.0
of:000000000000000c_2_2024-08-05 14:13:43,of:000000000000000c_2,2024-08-05 14:13:43,1415159.0,2301348.0,134277470.0,258138580.0,0.0,0.0,0.0,0.0
of:000000000000000c_3_2024-08-05 14:13:43,of:000000000000000c_3,2024-08-05 14:13:43,1415386.0,2313396.0,134295999.0,275710732.0,0.0,0.0,0.0,0.0
of:000000000000000d_1_2024-08-05 14:13:43,of:000000000000000d_1,2024-08-05 14:13:43,3716809.0,3758330.0,391568223.0,457162836.0,0.0,0.0,0.0,0.0
of:000000000000000d_2_2024-08-05 14:13:43,of:000000000000000d_2,2024-08-05 14:13:43,1447508.0,2301858.0,181578828.0,258180468.0,0.0,0.0,0.0,0.0
of:000000000000000d_3_2024-08-05 14:13:43,of:000000000000000d_3,2024-08-05 14:13:43,1427253.0,2301620.0,151856722.0,258164793.0,0.0,0.0,0.0,0.0
of:000000000000000a_1_2024-08-05 14:13:43,of:000000000000000a_1,2024-08-05 14:13:43,9386443.0,9372512.0,946037369.0,929264596.0,0.0,0.0,0.0,0.0
of:000000000000000a_2_2024-08-05 14:13:43,of:000000000000000a_2,2024-08-05 14:13:43,1415647.0,2301860.0,134298694.0,258162072.0,0.0,0.0,0.0,0.0
of:000000000000000a_3_2024-08-05 14:13:43,of:000000000000000a_3,2024-08-05 14:13:43,7073297.0,7971256.0,671238686.0,812652753.0,0.0,0.0,0.0,0.0
of:000000000000000b_1_2024-08-05 14:13:43,of:000000000000000b_1,2024-08-05 14:13:43,3716594.0,3714460.0,391524806.0,392307496.0,0.0,0.0,0.0,0.0
of:000000000000000b_2_2024-08-05 14:13:43,of:000000000000000b_2,2024-08-05 14:13:43,1415196.0,2301359.0,134279528.0,258138202.0,0.0,0.0,0.0,0.0
of:000000000000000b_3_2024-08-05 14:13:43,of:000000000000000b_3,2024-08-05 14:13:43,1415704.0,2301912.0,134301144.0,258164172.0,0.0,0.0,0.0,0.0
of:000000000000000e_1_2024-08-05 14:13:43,of:000000000000000e_1,2024-08-05 14:13:43,7974731.0,7958895.0,814506983.0,795021339.0,0.0,0.0,0.0,0.0
of:000000000000000e_2_2024-08-05 14:13:43,of:000000000000000e_2,2024-08-05 14:13:43,7074923.0,7974731.0,671265719.0,815390251.0,0.0,0.0,0.0,0.0
of:000000000000000f_1_2024-08-05 14:13:43,of:000000000000000f_1,2024-08-05 14:13:43,9407137.0,9387115.0,975740071.0,949537859.0,0.0,0.0,0.0,0.0
of:000000000000000f_2_2024-08-05 14:13:43,of:000000000000000f_2,2024-08-05 14:13:43,7073109.0,7959054.0,671153754.0,795003384.0,0.0,0.0,0.0,0.0
of:000000000000000f_3_2024-08-05 14:13:43,of:000000000000000f_3,2024-08-05 14:13:43,1430440.0,2334687.0,154656917.0,305511639.0,0.0,0.0,0.0,0.0
of:0000000000000010_1_2024-08-05 14:13:43,of:0000000000000010_1,2024-08-05 14:13:43,10708240.0,10706337.0,1059173632.0,1059973278.0,0.0,0.0,0.0,0.0
of:0000000000000010_2_2024-08-05 14:13:43,of:0000000000000010_2,2024-08-05 14:13:43,9822365.0,10708241.0,936217658.0,1060056970.0,0.0,0.0,0.0,0.0
of:0000000000000011_1_2024-08-05 14:13:43,of:0000000000000011_1,2024-08-05 14:13:43,9371882.0,9369997.0,928267276.0,929064850.0,0.0,0.0,0.0,0.0
of:0000000000000011_2_2024-08-05 14:13:43,of:0000000000000011_2,2024-08-05 14:13:43,7071237.0,7957171.0,671058778.0,794904418.0,0.0,0.0,0.0,0.0
of:0000000000000011_3_2024-08-05 14:13:43,of:0000000000000011_3,2024-08-05 14:13:43,1415199.0,2301316.0,134279178.0,258137824.0,0.0,0.0,0.0,0.0
of:0000000000000014_1_2024-08-05 14:13:43,of:0000000000000014_1,2024-08-05 14:13:43,7972098.0,7957352.0,813119264.0,795006910.0,0.0,0.0,0.0,0.0
of:0000000000000014_2_2024-08-05 14:13:43,of:0000000000000014_2,2024-08-05 14:13:43,7073380.0,7972096.0,671251290.0,814002392.0,0.0,0.0,0.0,0.0
of:0000000000000015_1_2024-08-05 14:13:43,of:0000000000000015_1,2024-08-05 14:13:43,3717742.0,3715649.0,391600600.0,392385098.0,0.0,0.0,0.0,0.0
of:0000000000000015_2_2024-08-05 14:13:43,of:0000000000000015_2,2024-08-05 14:13:43,1416463.0,2302585.0,134363122.0,258219850.0,0.0,0.0,0.0,0.0
of:0000000000000015_3_2024-08-05 14:13:43,of:0000000000000015_3,2024-08-05 14:13:43,1415628.0,2301798.0,134295236.0,258154512.0,0.0,0.0,0.0,0.0
of:0000000000000012_1_2024-08-05 14:13:43,of:0000000000000012_1,2024-08-05 14:13:43,2314189.0,2299393.0,276159192.0,258043633.0,0.0,0.0,0.0,0.0
of:0000000000000012_2_2024-08-05 14:13:43,of:0000000000000012_2,2024-08-05 14:13:43,1415423.0,2314191.0,134288153.0,277042600.0,0.0,0.0,0.0,0.0
of:0000000000000013_1_2024-08-05 14:13:43,of:0000000000000013_1,2024-08-05 14:13:43,9377904.0,9387812.0,928683258.0,947031742.0,0.0,0.0,0.0,0.0
of:0000000000000013_2_2024-08-05 14:13:43,of:0000000000000013_2,2024-08-05 14:13:43,7089011.0,7963151.0,689024816.0,795319252.0,0.0,0.0,0.0,0.0
of:0000000000000013_3_2024-08-05 14:13:43,of:0000000000000013_3,2024-08-05 14:13:43,1415240.0,2301258.0,134279976.0,258128696.0,0.0,0.0,0.0,0.0
of:0000000000000018_1_2024-08-05 14:13:43,of:0000000000000018_1,2024-08-05 14:13:43,3717089.0,3714949.0,391552230.0,392333522.0,0.0,0.0,0.0,0.0
of:0000000000000018_2_2024-08-05 14:13:43,of:0000000000000018_2,2024-08-05 14:13:43,1415932.0,2301572.0,134322760.0,258145720.0,0.0,0.0,0.0,0.0
of:0000000000000018_3_2024-08-05 14:13:43,of:0000000000000018_3,2024-08-05 14:13:43,1415486.0,2301148.0,134287032.0,258111588.0,0.0,0.0,0.0,0.0
of:0000000000000019_1_2024-08-05 14:13:43,of:0000000000000019_1,2024-08-05 14:13:43,3729272.0,3727117.0,409137050.0,409916592.0,0.0,0.0,0.0,0.0
of:0000000000000019_2_2024-08-05 14:13:43,of:0000000000000019_2,2024-08-05 14:13:43,1427838.0,2301651.0,151887261.0,258156494.0,0.0,0.0,0.0,0.0
of:0000000000000019_3_2024-08-05 14:13:43,of:0000000000000019_3,2024-08-05 14:13:43,1415772.0,2313277.0,134306693.0,275686654.0,0.0,0.0,0.0,0.0
of:0000000000000016_1_2024-08-05 14:13:43,of:0000000000000016_1,2024-08-05 14:13:43,3717371.0,3715275.0,391583982.0,392367962.0,0.0,0.0,0.0,0.0
of:0000000000000016_2_2024-08-05 14:13:43,of:0000000000000016_2,2024-08-05 14:13:43,1416145.0,2302269.0,134348674.0,258205850.0,0.0,0.0,0.0,0.0
of:0000000000000016_3_2024-08-05 14:13:43,of:0000000000000016_3,2024-08-05 14:13:43,1415570.0,2301742.0,134292408.0,258151824.0,0.0,0.0,0.0,0.0
of:0000000000000017_1_2024-08-05 14:13:43,of:0000000000000017_1,2024-08-05 14:13:43,3717791.0,3715697.0,391599858.0,392386106.0,0.0,0.0,0.0,0.0
of:0000000000000017_2_2024-08-05 14:13:43,of:0000000000000017_2,2024-08-05 14:13:43,1416419.0,2302545.0,134360826.0,258216014.0,0.0,0.0,0.0,0.0
of:0000000000000017_3_2024-08-05 14:13:43,of:0000000000000017_3,2024-08-05 14:13:43,1415716.0,2301885.0,134298260.0,258157466.0,0.0,0.0,0.0,0.0
of:000000000000001a_1_2024-08-05 14:13:43,of:000000000000001a_1,2024-08-05 14:13:43,3716520.0,3714411.0,391529760.0,392311570.0,0.0,0.0,0.0,0.0
of:000000000000001a_2_2024-08-05 14:13:43,of:000000000000001a_2,2024-08-05 14:13:43,1415548.0,2301703.0,134305092.0,258165978.0,0.0,0.0,0.0,0.0
of:000000000000001a_3_2024-08-05 14:13:43,of:000000000000001a_3,2024-08-05 14:13:43,1415300.0,2301498.0,134279444.0,258141492.0,0.0,0.0,0.0,0.0
of:000000000000001d_1_2024-08-05 14:13:43,of:000000000000001d_1,2024-08-05 14:13:43,3716818.0,3714677.0,391540540.0,392321734.0,0.0,0.0,0.0,0.0
of:000000000000001d_2_2024-08-05 14:13:43,of:000000000000001d_2,2024-08-05 14:13:43,1415555.0,2301742.0,134305470.0,258166468.0,0.0,0.0,0.0,0.0
of:000000000000001d_3_2024-08-05 14:13:43,of:000000000000001d_3,2024-08-05 14:13:43,1415562.0,2301756.0,134289384.0,258151656.0,0.0,0.0,0.0,0.0
of:000000000000001e_1_2024-08-05 14:13:43,of:000000000000001e_1,2024-08-05 14:13:43,3728303.0,3727093.0,409095522.0,411227544.0,0.0,0.0,0.0,0.0
of:000000000000001e_2_2024-08-05 14:13:43,of:000000000000001e_2,2024-08-05 14:13:43,1427977.0,2301409.0,153203874.0,258160292.0,0.0,0.0,0.0,0.0
of:000000000000001e_3_2024-08-05 14:13:43,of:000000000000001e_3,2024-08-05 14:13:43,1415555.0,2313576.0,134296720.0,275712954.0,0.0,0.0,0.0,0.0
of:000000000000001b_1_2024-08-05 14:13:43,of:000000000000001b_1,2024-08-05 14:13:43,3716529.0,3714419.0,391529354.0,392310114.0,0.0,0.0,0.0,0.0
of:000000000000001b_2_2024-08-05 14:13:43,of:000000000000001b_2,2024-08-05 14:13:43,1415501.0,2301651.0,134302698.0,258163094.0,0.0,0.0,0.0,0.0
of:000000000000001b_3_2024-08-05 14:13:43,of:000000000000001b_3,2024-08-05 14:13:43,1415355.0,2301553.0,134280466.0,258143214.0,0.0,0.0,0.0,0.0
of:000000000000001c_1_2024-08-05 14:13:43,of:000000000000001c_1,2024-08-05 14:13:43,3716523.0,3714405.0,391528290.0,392309386.0,0.0,0.0,0.0,0.0
of:000000000000001c_2_2024-08-05 14:13:43,of:000000000000001c_2,2024-08-05 14:13:43,1415368.0,2301525.0,134296608.0,258157466.0,0.0,0.0,0.0,0.0
of:000000000000001c_3_2024-08-05 14:13:43,of:000000000000001c_3,2024-08-05 14:13:43,1415471.0,2301676.0,134285590.0,258148380.0,0.0,0.0,0.0,0.0
of:000000000000001f_1_2024-08-05 14:13:43,of:000000000000001f_1,2024-08-05 14:13:43,3715712.0,3714046.0,391477864.0,392291508.0,0.0,0.0,0.0,0.0
of:000000000000001f_2_2024-08-05 14:13:43,of:000000000000001f_2,2024-08-05 14:13:43,1415453.0,2301180.0,134299310.0,258128836.0,0.0,0.0,0.0,0.0
of:000000000000001f_3_2024-08-05 14:13:43,of:000000000000001f_3,2024-08-05 14:13:43,1415038.0,2300800.0,134265668.0,258097784.0,0.0,0.0,0.0,0.0
of:0000000000000021_1_2024-08-05 14:13:43,of:0000000000000021_1,2024-08-05 14:13:43,3716146.0,3714456.0,391496092.0,392309232.0,0.0,0.0,0.0,0.0
of:0000000000000021_2_2024-08-05 14:13:43,of:0000000000000021_2,2024-08-05 14:13:43,1415426.0,2301180.0,134298512.0,258129536.0,0.0,0.0,0.0,0.0
of:0000000000000021_3_2024-08-05 14:13:43,of:0000000000000021_3,2024-08-05 14:13:43,1415467.0,2301227.0,134283686.0,258116278.0,0.0,0.0,0.0,0.0
of:0000000000000022_1_2024-08-05 14:13:43,of:0000000000000022_1,2024-08-05 14:13:43,3715467.0,3713810.0,391465250.0,392280196.0,0.0,0.0,0.0,0.0
of:0000000000000022_2_2024-08-05 14:13:43,of:0000000000000022_2,2024-08-05 14:13:43,1415338.0,2301059.0,134293640.0,258122662.0,0.0,0.0,0.0,0.0
of:0000000000000022_3_2024-08-05 14:13:43,of:0000000000000022_3,2024-08-05 14:13:43,1414909.0,2300674.0,134259466.0,258091484.0,0.0,0.0,0.0,0.0
of:0000000000000020_1_2024-08-05 14:13:43,of:0000000000000020_1,2024-08-05 14:13:43,3715565.0,3713893.0,391471746.0,392284662.0,0.0,0.0,0.0,0.0
of:0000000000000020_2_2024-08-05 14:13:43,of:0000000000000020_2,2024-08-05 14:13:43,1415126.0,2300869.0,134285296.0,258115690.0,0.0,0.0,0.0,0.0
of:0000000000000020_3_2024-08-05 14:13:43,of:0000000000000020_3,2024-08-05 14:13:43,1415207.0,2300967.0,134272486.0,258104938.0,0.0,0.0,0.0,0.0
of:0000000000000025_1_2024-08-05 14:13:43,of:0000000000000025_1,2024-08-05 14:13:43,3715647.0,3713684.0,391479318.0,392273644.0,0.0,0.0,0.0,0.0
of:0000000000000025_2_2024-08-05 14:13:43,of:0000000000000025_2,2024-08-05 14:13:43,1415417.0,2301417.0,134296510.0,258144082.0,0.0,0.0,0.0,0.0
of:0000000000000025_3_2024-08-05 14:13:43,of:0000000000000025_3,2024-08-05 14:13:43,1414707.0,2300729.0,134250254.0,258099506.0,0.0,0.0,0.0,0.0
of:0000000000000003_1_2024-08-05 14:13:43,of:0000000000000003_1,2024-08-05 14:13:43,40547403.0,40527989.0,3948396177.0,3920032979.0,0.0,0.0,0.0,0.0
of:0000000000000003_2_2024-08-05 14:13:43,of:0000000000000003_2,2024-08-05 14:13:43,33357891.0,33359662.0,3224915046.0,3226305762.0,0.0,0.0,0.0,0.0
of:0000000000000003_3_2024-08-05 14:13:43,of:0000000000000003_3,2024-08-05 14:13:43,27694593.0,27713949.0,2690117503.0,2717155371.0,0.0,0.0,0.0,0.0
of:0000000000000003_4_2024-08-05 14:13:43,of:0000000000000003_4,2024-08-05 14:13:43,3714046.0,3715712.0,392291508.0,391477864.0,0.0,0.0,0.0,0.0
of:0000000000000003_5_2024-08-05 14:13:43,of:0000000000000003_5,2024-08-05 14:13:43,3713891.0,3715563.0,392284466.0,391471550.0,0.0,0.0,0.0,0.0
of:0000000000000003_6_2024-08-05 14:13:43,of:0000000000000003_6,2024-08-05 14:13:43,3714455.0,3716145.0,392309134.0,391495994.0,0.0,0.0,0.0,0.0
of:0000000000000003_7_2024-08-05 14:13:43,of:0000000000000003_7,2024-08-05 14:13:43,3713810.0,3715467.0,392280196.0,391465250.0,0.0,0.0,0.0,0.0
of:0000000000000003_8_2024-08-05 14:13:43,of:0000000000000003_8,2024-08-05 14:13:43,3714664.0,3716335.0,392317716.0,391502126.0,0.0,0.0,0.0,0.0
of:0000000000000026_1_2024-08-05 14:13:43,of:0000000000000026_1,2024-08-05 14:13:43,3715747.0,3713806.0,391483882.0,392276696.0,0.0,0.0,0.0,0.0
of:0000000000000026_2_2024-08-05 14:13:43,of:0000000000000026_2,2024-08-05 14:13:43,1415137.0,2301128.0,134283770.0,258131384.0,0.0,0.0,0.0,0.0
of:0000000000000026_3_2024-08-05 14:13:43,of:0000000000000026_3,2024-08-05 14:13:43,1415110.0,2301118.0,134266256.0,258116488.0,0.0,0.0,0.0,0.0
of:0000000000000004_1_2024-08-05 14:13:43,of:0000000000000004_1,2024-08-05 14:13:43,33359667.0,33357896.0,3226306252.0,3224915536.0,0.0,0.0,0.0,0.0
of:0000000000000004_2_2024-08-05 14:13:43,of:0000000000000004_2,2024-08-05 14:13:43,17875755.0,17891156.0,1751627721.0,1771963460.0,0.0,0.0,0.0,0.0
of:0000000000000004_3_2024-08-05 14:13:43,of:0000000000000004_3,2024-08-05 14:13:43,3714170.0,3716131.0,392294252.0,391500570.0,0.0,0.0,0.0,0.0
of:0000000000000004_4_2024-08-05 14:13:43,of:0000000000000004_4,2024-08-05 14:13:43,3713684.0,3715647.0,392273644.0,391479318.0,0.0,0.0,0.0,0.0
of:0000000000000004_5_2024-08-05 14:13:43,of:0000000000000004_5,2024-08-05 14:13:43,3713808.0,3715749.0,392276892.0,391484078.0,0.0,0.0,0.0,0.0
of:0000000000000004_6_2024-08-05 14:13:43,of:0000000000000004_6,2024-08-05 14:13:43,3726975.0,3716172.0,411206728.0,391509531.0,0.0,0.0,0.0,0.0
of:0000000000000004_7_2024-08-05 14:13:43,of:0000000000000004_7,2024-08-05 14:13:43,7878517.0,7880415.0,791603190.0,790805658.0,0.0,0.0,0.0,0.0
of:0000000000000001_1_2024-08-05 14:13:43,of:0000000000000001_1,2024-08-05 14:13:43,30611794.0,30610785.0,2960012395.0,2959964903.0,0.0,0.0,0.0,0.0
of:0000000000000001_2_2024-08-05 14:13:43,of:0000000000000001_2,2024-08-05 14:13:43,16457909.0,16459665.0,1617193238.0,1617275998.0,0.0,0.0,0.0,0.0
of:0000000000000001_3_2024-08-05 14:13:43,of:0000000000000001_3,2024-08-05 14:13:43,3715649.0,3717742.0,392385098.0,391600600.0,0.0,0.0,0.0,0.0
of:0000000000000001_4_2024-08-05 14:13:43,of:0000000000000001_4,2024-08-05 14:13:43,3715276.0,3717372.0,392368060.0,391584080.0,0.0,0.0,0.0,0.0
of:0000000000000001_5_2024-08-05 14:13:43,of:0000000000000001_5,2024-08-05 14:13:43,3715697.0,3717791.0,392386106.0,391599858.0,0.0,0.0,0.0,0.0
of:0000000000000001_6_2024-08-05 14:13:43,of:0000000000000001_6,2024-08-05 14:13:43,3714953.0,3717091.0,392333998.0,391552426.0,0.0,0.0,0.0,0.0
of:0000000000000001_7_2024-08-05 14:13:43,of:0000000000000001_7,2024-08-05 14:13:43,3727128.0,3729283.0,409917698.0,409138154.0,0.0,0.0,0.0,0.0
of:0000000000000023_1_2024-08-05 14:13:43,of:0000000000000023_1,2024-08-05 14:13:43,3716335.0,3714664.0,391502126.0,392317716.0,0.0,0.0,0.0,0.0
of:0000000000000023_2_2024-08-05 14:13:43,of:0000000000000023_2,2024-08-05 14:13:43,1415709.0,2301451.0,134309754.0,258140022.0,0.0,0.0,0.0,0.0
of:0000000000000023_3_2024-08-05 14:13:43,of:0000000000000023_3,2024-08-05 14:13:43,1415392.0,2301156.0,134280872.0,258113240.0,0.0,0.0,0.0,0.0
of:0000000000000024_1_2024-08-05 14:13:43,of:0000000000000024_1,2024-08-05 14:13:43,3716130.0,3714169.0,391500472.0,392294154.0,0.0,0.0,0.0,0.0
of:0000000000000024_2_2024-08-05 14:13:43,of:0000000000000024_2,2024-08-05 14:13:43,1415607.0,2301601.0,134304518.0,258152314.0,0.0,0.0,0.0,0.0
of:0000000000000024_3_2024-08-05 14:13:43,of:0000000000000024_3,2024-08-05 14:13:43,1414998.0,2301028.0,134262532.0,258112484.0,0.0,0.0,0.0,0.0
of:0000000000000002_1_2024-08-05 14:13:43,of:0000000000000002_1,2024-08-05 14:13:43,30610800.0,30611809.0,2959966317.0,2960013809.0,0.0,0.0,0.0,0.0
of:0000000000000002_2_2024-08-05 14:13:43,of:0000000000000002_2,2024-08-05 14:13:43,40528015.0,40547429.0,3920035471.0,3948398669.0,0.0,0.0,0.0,0.0
of:0000000000000002_3_2024-08-05 14:13:43,of:0000000000000002_3,2024-08-05 14:13:43,13662481.0,13646155.0,1396027034.0,1369118776.0,0.0,0.0,0.0,0.0
of:0000000000000002_4_2024-08-05 14:13:43,of:0000000000000002_4,2024-08-05 14:13:43,3714413.0,3716522.0,392311766.0,391529956.0,0.0,0.0,0.0,0.0
of:0000000000000002_5_2024-08-05 14:13:43,of:0000000000000002_5,2024-08-05 14:13:43,3714420.0,3716530.0,392310212.0,391529452.0,0.0,0.0,0.0,0.0
of:0000000000000002_6_2024-08-05 14:13:43,of:0000000000000002_6,2024-08-05 14:13:43,3714407.0,3716525.0,392309582.0,391528486.0,0.0,0.0,0.0,0.0
of:0000000000000002_7_2024-08-05 14:13:43,of:0000000000000002_7,2024-08-05 14:13:43,3714679.0,3716820.0,392321930.0,391540736.0,0.0,0.0,0.0,0.0
of:0000000000000002_8_2024-08-05 14:13:43,of:0000000000000002_8,2024-08-05 14:13:43,3727095.0,3728305.0,411227740.0,409095718.0,0.0,0.0,0.0,0.0
of:0000000000000007_1_2024-08-05 14:13:43,of:0000000000000007_1,2024-08-05 14:13:43,27713949.0,27694593.0,2717155371.0,2690117503.0,0.0,0.0,0.0,0.0
of:0000000000000007_2_2024-08-05 14:13:43,of:0000000000000007_2,2024-08-05 14:13:43,9387115.0,9407137.0,949537859.0,975740071.0,0.0,0.0,0.0,0.0
of:0000000000000007_3_2024-08-05 14:13:43,of:0000000000000007_3,2024-08-05 14:13:43,10706333.0,10708236.0,1059972886.0,1059173240.0,0.0,0.0,0.0,0.0
of:0000000000000007_4_2024-08-05 14:13:43,of:0000000000000007_4,2024-08-05 14:13:43,9369997.0,9371882.0,929064850.0,928267276.0,0.0,0.0,0.0,0.0
of:0000000000000008_1_2024-08-05 14:13:43,of:0000000000000008_1,2024-08-05 14:13:43,17891157.0,17875756.0,1771963558.0,1751627819.0,0.0,0.0,0.0,0.0
of:0000000000000008_2_2024-08-05 14:13:43,of:0000000000000008_2,2024-08-05 14:13:43,2299393.0,2314189.0,258043633.0,276159192.0,0.0,0.0,0.0,0.0
of:0000000000000008_3_2024-08-05 14:13:43,of:0000000000000008_3,2024-08-05 14:13:43,9387814.0,9377906.0,947031938.0,928683454.0,0.0,0.0,0.0,0.0
of:0000000000000008_4_2024-08-05 14:13:43,of:0000000000000008_4,2024-08-05 14:13:43,7957353.0,7972099.0,795007008.0,813119362.0,0.0,0.0,0.0,0.0
of:0000000000000005_1_2024-08-05 14:13:43,of:0000000000000005_1,2024-08-05 14:13:43,16459660.0,16457904.0,1617275508.0,1617192748.0,0.0,0.0,0.0,0.0
of:0000000000000005_2_2024-08-05 14:13:43,of:0000000000000005_2,2024-08-05 14:13:43,7969288.0,7959588.0,811669634.0,794217705.0,0.0,0.0,0.0,0.0
of:0000000000000005_3_2024-08-05 14:13:43,of:0000000000000005_3,2024-08-05 14:13:43,9372509.0,9386440.0,929264302.0,946037075.0,0.0,0.0,0.0,0.0
of:0000000000000005_4_2024-08-05 14:13:43,of:0000000000000005_4,2024-08-05 14:13:43,3714460.0,3716594.0,392307496.0,391524806.0,0.0,0.0,0.0,0.0
of:0000000000000027_1_2024-08-05 14:13:43,of:0000000000000027_1,2024-08-05 14:13:43,3716173.0,3726976.0,391509629.0,411206826.0,0.0,0.0,0.0,0.0
of:0000000000000027_2_2024-08-05 14:13:43,of:0000000000000027_2,2024-08-05 14:13:43,1415404.0,2301390.0,134294200.0,258142304.0,0.0,0.0,0.0,0.0
of:0000000000000027_3_2024-08-05 14:13:43,of:0000000000000027_3,2024-08-05 14:13:43,1428009.0,2301285.0,153185592.0,258131861.0,0.0,0.0,0.0,0.0
of:0000000000000006_1_2024-08-05 14:13:43,of:0000000000000006_1,2024-08-05 14:13:43,13646147.0,13662473.0,1369117992.0,1396026250.0,0.0,0.0,0.0,0.0
of:0000000000000006_2_2024-08-05 14:13:43,of:0000000000000006_2,2024-08-05 14:13:43,3714107.0,3728062.0,392300489.0,409071588.0,0.0,0.0,0.0,0.0
of:0000000000000006_3_2024-08-05 14:13:43,of:0000000000000006_3,2024-08-05 14:13:43,3758330.0,3716809.0,457162836.0,391568223.0,0.0,0.0,0.0,0.0
of:0000000000000006_4_2024-08-05 14:13:43,of:0000000000000006_4,2024-08-05 14:13:43,7958895.0,7974731.0,795021339.0,814506983.0,0.0,0.0,0.0,0.0
of:0000000000000028_1_2024-08-05 14:13:43,of:0000000000000028_1,2024-08-05 14:13:43,7880414.0,7878516.0,790805560.0,791603092.0,0.0,0.0,0.0,0.0
of:0000000000000028_2_2024-08-05 14:13:43,of:0000000000000028_2,2024-08-05 14:13:43,1415283.0,2301263.0,134288306.0,258135962.0,0.0,0.0,0.0,0.0
of:0000000000000028_3_2024-08-05 14:13:43,of:0000000000000028_3,2024-08-05 14:13:43,5579672.0,6465651.0,533587836.0,657433938.0,0.0,0.0,0.0,0.0
of:0000000000000009_1_2024-08-05 14:13:43,of:0000000000000009_1,2024-08-05 14:13:43,7959587.0,7969287.0,794217607.0,811669536.0,0.0,0.0,0.0,0.0
of:0000000000000009_2_2024-08-05 14:13:43,of:0000000000000009_2,2024-08-05 14:13:43,1427175.0,2301081.0,151847830.0,257240399.0,0.0,0.0,0.0,0.0
of:0000000000000009_3_2024-08-05 14:13:43,of:0000000000000009_3,2024-08-05 14:13:43,5658565.0,6544294.0,536980330.0,659926130.0,0.0,0.0,0.0,0.0
of:000000000000000c_1_2024-08-05 14:14:43,of:000000000000000c_1,2024-08-05 14:14:43,3728227.0,3714272.0,409088812.0,392317751.0,0.0,0.0,0.0,0.0
of:000000000000000c_2_2024-08-05 14:14:43,of:000000000000000c_2,2024-08-05 14:14:43,1415222.0,2301449.0,134283420.0,258149850.0,0.0,0.0,0.0,0.0
of:000000000000000c_3_2024-08-05 14:14:43,of:000000000000000c_3,2024-08-05 14:14:43,1415450.0,2313498.0,134301991.0,275722044.0,0.0,0.0,0.0,0.0
of:000000000000000d_1_2024-08-05 14:14:43,of:000000000000000d_1,2024-08-05 14:14:43,3716971.0,3758492.0,391585321.0,457179972.0,0.0,0.0,0.0,0.0
of:000000000000000d_2_2024-08-05 14:14:43,of:000000000000000d_2,2024-08-05 14:14:43,1447570.0,2301958.0,181584736.0,258191696.0,0.0,0.0,0.0,0.0
of:000000000000000d_3_2024-08-05 14:14:43,of:000000000000000d_3,2024-08-05 14:14:43,1427315.0,2301720.0,151862630.0,258176021.0,0.0,0.0,0.0,0.0
of:000000000000000a_1_2024-08-05 14:14:43,of:000000000000000a_1,2024-08-05 14:14:43,9386852.0,9372921.0,946077945.0,929305210.0,0.0,0.0,0.0,0.0
of:000000000000000a_2_2024-08-05 14:14:43,of:000000000000000a_2,2024-08-05 14:14:43,1415710.0,2301961.0,134304644.0,258173342.0,0.0,0.0,0.0,0.0
of:000000000000000a_3_2024-08-05 14:14:43,of:000000000000000a_3,2024-08-05 14:14:43,7073605.0,7971602.0,671268030.0,812687417.0,0.0,0.0,0.0,0.0
of:000000000000000b_1_2024-08-05 14:14:43,of:000000000000000b_1,2024-08-05 14:14:43,3716753.0,3714619.0,391541666.0,392324394.0,0.0,0.0,0.0,0.0
of:000000000000000b_2_2024-08-05 14:14:43,of:000000000000000b_2,2024-08-05 14:14:43,1415256.0,2301457.0,134285296.0,258149290.0,0.0,0.0,0.0,0.0
of:000000000000000b_3_2024-08-05 14:14:43,of:000000000000000b_3,2024-08-05 14:14:43,1415765.0,2302011.0,134306954.0,258175302.0,0.0,0.0,0.0,0.0
of:000000000000000e_1_2024-08-05 14:14:43,of:000000000000000e_1,2024-08-05 14:14:43,7975076.0,7959240.0,814541679.0,795056073.0,0.0,0.0,0.0,0.0
of:000000000000000e_2_2024-08-05 14:14:43,of:000000000000000e_2,2024-08-05 14:14:43,7075230.0,7975076.0,671295133.0,815424985.0,0.0,0.0,0.0,0.0
of:000000000000000f_1_2024-08-05 14:14:43,of:000000000000000f_1,2024-08-05 14:14:43,9407547.0,9387526.0,975780801.0,949578669.0,0.0,0.0,0.0,0.0
of:000000000000000f_2_2024-08-05 14:14:43,of:000000000000000f_2,2024-08-05 14:14:43,7073420.0,7959403.0,671183336.0,795038286.0,0.0,0.0,0.0,0.0
of:000000000000000f_3_2024-08-05 14:14:43,of:000000000000000f_3,2024-08-05 14:14:43,1430502.0,2334786.0,154662825.0,305522825.0,0.0,0.0,0.0,0.0
of:0000000000000010_1_2024-08-05 14:14:43,of:0000000000000010_1,2024-08-05 14:14:43,10708716.0,10706813.0,1059220214.0,1060019898.0,0.0,0.0,0.0,0.0
of:0000000000000010_2_2024-08-05 14:14:43,of:0000000000000010_2,2024-08-05 14:14:43,9822803.0,10708717.0,936258958.0,1060103590.0,0.0,0.0,0.0,0.0
of:0000000000000011_1_2024-08-05 14:14:43,of:0000000000000011_1,2024-08-05 14:14:43,9372291.0,9370406.0,928307908.0,929105520.0,0.0,0.0,0.0,0.0
of:0000000000000011_2_2024-08-05 14:14:43,of:0000000000000011_2,2024-08-05 14:14:43,7071545.0,7957517.0,671088178.0,794939138.0,0.0,0.0,0.0,0.0
of:0000000000000011_3_2024-08-05 14:14:43,of:0000000000000011_3,2024-08-05 14:14:43,1415262.0,2301417.0,134285128.0,258149094.0,0.0,0.0,0.0,0.0
of:0000000000000014_1_2024-08-05 14:14:43,of:0000000000000014_1,2024-08-05 14:14:43,7972445.0,7957699.0,813153932.0,795041616.0,0.0,0.0,0.0,0.0
of:0000000000000014_2_2024-08-05 14:14:43,of:0000000000000014_2,2024-08-05 14:14:43,7073689.0,7972443.0,671280676.0,814037098.0,0.0,0.0,0.0,0.0
of:0000000000000015_1_2024-08-05 14:14:43,of:0000000000000015_1,2024-08-05 14:14:43,3717904.0,3715811.0,391617698.0,392402234.0,0.0,0.0,0.0,0.0
of:0000000000000015_2_2024-08-05 14:14:43,of:0000000000000015_2,2024-08-05 14:14:43,1416526.0,2302686.0,134369072.0,258231120.0,0.0,0.0,0.0,0.0
of:0000000000000015_3_2024-08-05 14:14:43,of:0000000000000015_3,2024-08-05 14:14:43,1415689.0,2301897.0,134301102.0,258165698.0,0.0,0.0,0.0,0.0
of:0000000000000012_1_2024-08-05 14:14:43,of:0000000000000012_1,2024-08-05 14:14:43,2314290.0,2299494.0,276170424.0,258054903.0,0.0,0.0,0.0,0.0
of:0000000000000012_2_2024-08-05 14:14:43,of:0000000000000012_2,2024-08-05 14:14:43,1415486.0,2314292.0,134294103.0,277053870.0,0.0,0.0,0.0,0.0
of:0000000000000013_1_2024-08-05 14:14:43,of:0000000000000013_1,2024-08-05 14:14:43,9378317.0,9388225.0,928723946.0,947072468.0,0.0,0.0,0.0,0.0
of:0000000000000013_2_2024-08-05 14:14:43,of:0000000000000013_2,2024-08-05 14:14:43,7089324.0,7963502.0,689054314.0,795354070.0,0.0,0.0,0.0,0.0
of:0000000000000013_3_2024-08-05 14:14:43,of:0000000000000013_3,2024-08-05 14:14:43,1415302.0,2301358.0,134285884.0,258139924.0,0.0,0.0,0.0,0.0
of:0000000000000018_1_2024-08-05 14:14:43,of:0000000000000018_1,2024-08-05 14:14:43,3717251.0,3715114.0,391569272.0,392350952.0,0.0,0.0,0.0,0.0
of:0000000000000018_2_2024-08-05 14:14:43,of:0000000000000018_2,2024-08-05 14:14:43,1415995.0,2301675.0,134328710.0,258157270.0,0.0,0.0,0.0,0.0
of:0000000000000018_3_2024-08-05 14:14:43,of:0000000000000018_3,2024-08-05 14:14:43,1415547.0,2301249.0,134292842.0,258122998.0,0.0,0.0,0.0,0.0
of:0000000000000019_1_2024-08-05 14:14:43,of:0000000000000019_1,2024-08-05 14:14:43,3729436.0,3727283.0,409154232.0,409934092.0,0.0,0.0,0.0,0.0
of:0000000000000019_2_2024-08-05 14:14:43,of:0000000000000019_2,2024-08-05 14:14:43,1427901.0,2301754.0,151893211.0,258168044.0,0.0,0.0,0.0,0.0
of:0000000000000019_3_2024-08-05 14:14:43,of:0000000000000019_3,2024-08-05 14:14:43,1415835.0,2313380.0,134312643.0,275698204.0,0.0,0.0,0.0,0.0
of:0000000000000016_1_2024-08-05 14:14:43,of:0000000000000016_1,2024-08-05 14:14:43,3717532.0,3715436.0,391600982.0,392385000.0,0.0,0.0,0.0,0.0
of:0000000000000016_2_2024-08-05 14:14:43,of:0000000000000016_2,2024-08-05 14:14:43,1416207.0,2302369.0,134354526.0,258217022.0,0.0,0.0,0.0,0.0
of:0000000000000016_3_2024-08-05 14:14:43,of:0000000000000016_3,2024-08-05 14:14:43,1415631.0,2301842.0,134298274.0,258163080.0,0.0,0.0,0.0,0.0
of:0000000000000017_1_2024-08-05 14:14:43,of:0000000000000017_1,2024-08-05 14:14:43,3717954.0,3715860.0,391616998.0,392403284.0,0.0,0.0,0.0,0.0
of:0000000000000017_2_2024-08-05 14:14:43,of:0000000000000017_2,2024-08-05 14:14:43,1416483.0,2302647.0,134366818.0,258227326.0,0.0,0.0,0.0,0.0
of:0000000000000017_3_2024-08-05 14:14:43,of:0000000000000017_3,2024-08-05 14:14:43,1415777.0,2301984.0,134304126.0,258168652.0,0.0,0.0,0.0,0.0
of:000000000000001a_1_2024-08-05 14:14:43,of:000000000000001a_1,2024-08-05 14:14:43,3716685.0,3714575.0,391547012.0,392328790.0,0.0,0.0,0.0,0.0
of:000000000000001a_2_2024-08-05 14:14:43,of:000000000000001a_2,2024-08-05 14:14:43,1415612.0,2301805.0,134311084.0,258177290.0,0.0,0.0,0.0,0.0
of:000000000000001a_3_2024-08-05 14:14:43,of:000000000000001a_3,2024-08-05 14:14:43,1415362.0,2301598.0,134285352.0,258152720.0,0.0,0.0,0.0,0.0
of:000000000000001d_1_2024-08-05 14:14:43,of:000000000000001d_1,2024-08-05 14:14:43,3716978.0,3714837.0,391557498.0,392338730.0,0.0,0.0,0.0,0.0
of:000000000000001d_2_2024-08-05 14:14:43,of:000000000000001d_2,2024-08-05 14:14:43,1415616.0,2301841.0,134311336.0,258177654.0,0.0,0.0,0.0,0.0
of:000000000000001d_3_2024-08-05 14:14:43,of:000000000000001d_3,2024-08-05 14:14:43,1415623.0,2301855.0,134295194.0,258162786.0,0.0,0.0,0.0,0.0
of:000000000000001e_1_2024-08-05 14:14:43,of:000000000000001e_1,2024-08-05 14:14:43,3728464.0,3727254.0,409112578.0,411244638.0,0.0,0.0,0.0,0.0
of:000000000000001e_2_2024-08-05 14:14:43,of:000000000000001e_2,2024-08-05 14:14:43,1428038.0,2301508.0,153209740.0,258171478.0,0.0,0.0,0.0,0.0
of:000000000000001e_3_2024-08-05 14:14:43,of:000000000000001e_3,2024-08-05 14:14:43,1415617.0,2313676.0,134302628.0,275724182.0,0.0,0.0,0.0,0.0
of:000000000000001b_1_2024-08-05 14:14:43,of:000000000000001b_1,2024-08-05 14:14:43,3716689.0,3714579.0,391546256.0,392327054.0,0.0,0.0,0.0,0.0
of:000000000000001b_2_2024-08-05 14:14:43,of:000000000000001b_2,2024-08-05 14:14:43,1415562.0,2301750.0,134308508.0,258174224.0,0.0,0.0,0.0,0.0
of:000000000000001b_3_2024-08-05 14:14:43,of:000000000000001b_3,2024-08-05 14:14:43,1415417.0,2301652.0,134286346.0,258154344.0,0.0,0.0,0.0,0.0
of:000000000000001c_1_2024-08-05 14:14:43,of:000000000000001c_1,2024-08-05 14:14:43,3716687.0,3714569.0,391545472.0,392326606.0,0.0,0.0,0.0,0.0
of:000000000000001c_2_2024-08-05 14:14:43,of:000000000000001c_2,2024-08-05 14:14:43,1415431.0,2301626.0,134302558.0,258168736.0,0.0,0.0,0.0,0.0
of:000000000000001c_3_2024-08-05 14:14:43,of:000000000000001c_3,2024-08-05 14:14:43,1415534.0,2301777.0,134291540.0,258159650.0,0.0,0.0,0.0,0.0
of:000000000000001f_1_2024-08-05 14:14:43,of:000000000000001f_1,2024-08-05 14:14:43,3715877.0,3714210.0,391495116.0,392308728.0,0.0,0.0,0.0,0.0
of:000000000000001f_2_2024-08-05 14:14:43,of:000000000000001f_2,2024-08-05 14:14:43,1415516.0,2301281.0,134305260.0,258140106.0,0.0,0.0,0.0,0.0
of:000000000000001f_3_2024-08-05 14:14:43,of:000000000000001f_3,2024-08-05 14:14:43,1415101.0,2300901.0,134271618.0,258109054.0,0.0,0.0,0.0,0.0
of:0000000000000021_1_2024-08-05 14:14:43,of:0000000000000021_1,2024-08-05 14:14:43,3716309.0,3714619.0,391513176.0,392326354.0,0.0,0.0,0.0,0.0
of:0000000000000021_2_2024-08-05 14:14:43,of:0000000000000021_2,2024-08-05 14:14:43,1415487.0,2301279.0,134304322.0,258140666.0,0.0,0.0,0.0,0.0
of:0000000000000021_3_2024-08-05 14:14:43,of:0000000000000021_3,2024-08-05 14:14:43,1415531.0,2301329.0,134289678.0,258127590.0,0.0,0.0,0.0,0.0
of:0000000000000022_1_2024-08-05 14:14:43,of:0000000000000022_1,2024-08-05 14:14:43,3715630.0,3713972.0,391482362.0,392297276.0,0.0,0.0,0.0,0.0
of:0000000000000022_2_2024-08-05 14:14:43,of:0000000000000022_2,2024-08-05 14:14:43,1415399.0,2301158.0,134299450.0,258133792.0,0.0,0.0,0.0,0.0
of:0000000000000022_3_2024-08-05 14:14:43,of:0000000000000022_3,2024-08-05 14:14:43,1414972.0,2300775.0,134265416.0,258102754.0,0.0,0.0,0.0,0.0
of:0000000000000020_1_2024-08-05 14:14:43,of:0000000000000020_1,2024-08-05 14:14:43,3715730.0,3714056.0,391489108.0,392301784.0,0.0,0.0,0.0,0.0
of:0000000000000020_2_2024-08-05 14:14:43,of:0000000000000020_2,2024-08-05 14:14:43,1415188.0,2300969.0,134291204.0,258126918.0,0.0,0.0,0.0,0.0
of:0000000000000020_3_2024-08-05 14:14:43,of:0000000000000020_3,2024-08-05 14:14:43,1415270.0,2301068.0,134278380.0,258116152.0,0.0,0.0,0.0,0.0
of:0000000000000025_1_2024-08-05 14:14:43,of:0000000000000025_1,2024-08-05 14:14:43,3715809.0,3713846.0,391496416.0,392290780.0,0.0,0.0,0.0,0.0
of:0000000000000025_2_2024-08-05 14:14:43,of:0000000000000025_2,2024-08-05 14:14:43,1415479.0,2301517.0,134302418.0,258155310.0,0.0,0.0,0.0,0.0
of:0000000000000025_3_2024-08-05 14:14:43,of:0000000000000025_3,2024-08-05 14:14:43,1414769.0,2300830.0,134256162.0,258110804.0,0.0,0.0,0.0,0.0
of:0000000000000003_1_2024-08-05 14:14:43,of:0000000000000003_1,2024-08-05 14:14:43,40549168.0,40529754.0,3948565497.0,3920202299.0,0.0,0.0,0.0,0.0
of:0000000000000003_2_2024-08-05 14:14:43,of:0000000000000003_2,2024-08-05 14:14:43,33359349.0,33361120.0,3225055232.0,3226445948.0,0.0,0.0,0.0,0.0
of:0000000000000003_3_2024-08-05 14:14:43,of:0000000000000003_3,2024-08-05 14:14:43,27695803.0,27715159.0,2690234001.0,2717271869.0,0.0,0.0,0.0,0.0
of:0000000000000003_4_2024-08-05 14:14:43,of:0000000000000003_4,2024-08-05 14:14:43,3714209.0,3715876.0,392308630.0,391495018.0,0.0,0.0,0.0,0.0
of:0000000000000003_5_2024-08-05 14:14:43,of:0000000000000003_5,2024-08-05 14:14:43,3714055.0,3715727.0,392301686.0,391488732.0,0.0,0.0,0.0,0.0
of:0000000000000003_6_2024-08-05 14:14:43,of:0000000000000003_6,2024-08-05 14:14:43,3714618.0,3716308.0,392326256.0,391513078.0,0.0,0.0,0.0,0.0
of:0000000000000003_7_2024-08-05 14:14:43,of:0000000000000003_7,2024-08-05 14:14:43,3713972.0,3715630.0,392297276.0,391482362.0,0.0,0.0,0.0,0.0
of:0000000000000003_8_2024-08-05 14:14:43,of:0000000000000003_8,2024-08-05 14:14:43,3714825.0,3716496.0,392334698.0,391519070.0,0.0,0.0,0.0,0.0
of:0000000000000026_1_2024-08-05 14:14:43,of:0000000000000026_1,2024-08-05 14:14:43,3715909.0,3713968.0,391500980.0,392293832.0,0.0,0.0,0.0,0.0
of:0000000000000026_2_2024-08-05 14:14:43,of:0000000000000026_2,2024-08-05 14:14:43,1415200.0,2301229.0,134289720.0,258142654.0,0.0,0.0,0.0,0.0
of:0000000000000026_3_2024-08-05 14:14:43,of:0000000000000026_3,2024-08-05 14:14:43,1415171.0,2301217.0,134272122.0,258127674.0,0.0,0.0,0.0,0.0
of:0000000000000004_1_2024-08-05 14:14:43,of:0000000000000004_1,2024-08-05 14:14:43,33361132.0,33359361.0,3226447068.0,3225056352.0,0.0,0.0,0.0,0.0
of:0000000000000004_2_2024-08-05 14:14:43,of:0000000000000004_2,2024-08-05 14:14:43,17876543.0,17891944.0,1751704039.0,1772039778.0,0.0,0.0,0.0,0.0
of:0000000000000004_3_2024-08-05 14:14:43,of:0000000000000004_3,2024-08-05 14:14:43,3714330.0,3716291.0,392311248.0,391517528.0,0.0,0.0,0.0,0.0
of:0000000000000004_4_2024-08-05 14:14:43,of:0000000000000004_4,2024-08-05 14:14:43,3713845.0,3715808.0,392290682.0,391496318.0,0.0,0.0,0.0,0.0
of:0000000000000004_5_2024-08-05 14:14:43,of:0000000000000004_5,2024-08-05 14:14:43,3713968.0,3715909.0,392293832.0,391500980.0,0.0,0.0,0.0,0.0
of:0000000000000004_6_2024-08-05 14:14:43,of:0000000000000004_6,2024-08-05 14:14:43,3727138.0,3716335.0,411223906.0,391526671.0,0.0,0.0,0.0,0.0
of:0000000000000004_7_2024-08-05 14:14:43,of:0000000000000004_7,2024-08-05 14:14:43,7878866.0,7880764.0,791638036.0,790840466.0,0.0,0.0,0.0,0.0
of:0000000000000001_1_2024-08-05 14:14:43,of:0000000000000001_1,2024-08-05 14:14:43,30613127.0,30612118.0,2960140723.0,2960093231.0,0.0,0.0,0.0,0.0
of:0000000000000001_2_2024-08-05 14:14:43,of:0000000000000001_2,2024-08-05 14:14:43,16458625.0,16460381.0,1617262948.0,1617345708.0,0.0,0.0,0.0,0.0
of:0000000000000001_3_2024-08-05 14:14:43,of:0000000000000001_3,2024-08-05 14:14:43,3715810.0,3717903.0,392402136.0,391617600.0,0.0,0.0,0.0,0.0
of:0000000000000001_4_2024-08-05 14:14:43,of:0000000000000001_4,2024-08-05 14:14:43,3715437.0,3717533.0,392385098.0,391601080.0,0.0,0.0,0.0,0.0
of:0000000000000001_5_2024-08-05 14:14:43,of:0000000000000001_5,2024-08-05 14:14:43,3715859.0,3717953.0,392403186.0,391616900.0,0.0,0.0,0.0,0.0
of:0000000000000001_6_2024-08-05 14:14:43,of:0000000000000001_6,2024-08-05 14:14:43,3715116.0,3717253.0,392351148.0,391569468.0,0.0,0.0,0.0,0.0
of:0000000000000001_7_2024-08-05 14:14:43,of:0000000000000001_7,2024-08-05 14:14:43,3727291.0,3729444.0,409934960.0,409155098.0,0.0,0.0,0.0,0.0
of:0000000000000023_1_2024-08-05 14:14:43,of:0000000000000023_1,2024-08-05 14:14:43,3716497.0,3714826.0,391519168.0,392334796.0,0.0,0.0,0.0,0.0
of:0000000000000023_2_2024-08-05 14:14:43,of:0000000000000023_2,2024-08-05 14:14:43,1415769.0,2301549.0,134315522.0,258151110.0,0.0,0.0,0.0,0.0
of:0000000000000023_3_2024-08-05 14:14:43,of:0000000000000023_3,2024-08-05 14:14:43,1415456.0,2301258.0,134286864.0,258124552.0,0.0,0.0,0.0,0.0
of:0000000000000024_1_2024-08-05 14:14:43,of:0000000000000024_1,2024-08-05 14:14:43,3716290.0,3714329.0,391517430.0,392311150.0,0.0,0.0,0.0,0.0
of:0000000000000024_2_2024-08-05 14:14:43,of:0000000000000024_2,2024-08-05 14:14:43,1415669.0,2301701.0,134310426.0,258163542.0,0.0,0.0,0.0,0.0
of:0000000000000024_3_2024-08-05 14:14:43,of:0000000000000024_3,2024-08-05 14:14:43,1415058.0,2301126.0,134268300.0,258123572.0,0.0,0.0,0.0,0.0
of:0000000000000002_1_2024-08-05 14:14:43,of:0000000000000002_1,2024-08-05 14:14:43,30612138.0,30613145.0,2960095217.0,2960142431.0,0.0,0.0,0.0,0.0
of:0000000000000002_2_2024-08-05 14:14:43,of:0000000000000002_2,2024-08-05 14:14:43,40529787.0,40549199.0,3920205447.0,3948568367.0,0.0,0.0,0.0,0.0
of:0000000000000002_3_2024-08-05 14:14:43,of:0000000000000002_3,2024-08-05 14:14:43,13663073.0,13646745.0,1396085178.0,1369176642.0,0.0,0.0,0.0,0.0
of:0000000000000002_4_2024-08-05 14:14:43,of:0000000000000002_4,2024-08-05 14:14:43,3714575.0,3716685.0,392328790.0,391547012.0,0.0,0.0,0.0,0.0
of:0000000000000002_5_2024-08-05 14:14:43,of:0000000000000002_5,2024-08-05 14:14:43,3714583.0,3716691.0,392327530.0,391546452.0,0.0,0.0,0.0,0.0
of:0000000000000002_6_2024-08-05 14:14:43,of:0000000000000002_6,2024-08-05 14:14:43,3714573.0,3716689.0,392327026.0,391545612.0,0.0,0.0,0.0,0.0
of:0000000000000002_7_2024-08-05 14:14:43,of:0000000000000002_7,2024-08-05 14:14:43,3714841.0,3716980.0,392339206.0,391557694.0,0.0,0.0,0.0,0.0
of:0000000000000002_8_2024-08-05 14:14:43,of:0000000000000002_8,2024-08-05 14:14:43,3727254.0,3728464.0,411244638.0,409112578.0,0.0,0.0,0.0,0.0
of:0000000000000007_1_2024-08-05 14:14:43,of:0000000000000007_1,2024-08-05 14:14:43,27715159.0,27695803.0,2717271869.0,2690234001.0,0.0,0.0,0.0,0.0
of:0000000000000007_2_2024-08-05 14:14:43,of:0000000000000007_2,2024-08-05 14:14:43,9387519.0,9407541.0,949578039.0,975780213.0,0.0,0.0,0.0,0.0
of:0000000000000007_3_2024-08-05 14:14:43,of:0000000000000007_3,2024-08-05 14:14:43,10706810.0,10708713.0,1060019604.0,1059219920.0,0.0,0.0,0.0,0.0
of:0000000000000007_4_2024-08-05 14:14:43,of:0000000000000007_4,2024-08-05 14:14:43,9370402.0,9372287.0,929105128.0,928307516.0,0.0,0.0,0.0,0.0
of:0000000000000008_1_2024-08-05 14:14:43,of:0000000000000008_1,2024-08-05 14:14:43,17891944.0,17876543.0,1772039778.0,1751704039.0,0.0,0.0,0.0,0.0
of:0000000000000008_2_2024-08-05 14:14:43,of:0000000000000008_2,2024-08-05 14:14:43,2299494.0,2314290.0,258054903.0,276170424.0,0.0,0.0,0.0,0.0
of:0000000000000008_3_2024-08-05 14:14:43,of:0000000000000008_3,2024-08-05 14:14:43,9388228.0,9378320.0,947072762.0,928724240.0,0.0,0.0,0.0,0.0
of:0000000000000008_4_2024-08-05 14:14:43,of:0000000000000008_4,2024-08-05 14:14:43,7957701.0,7972447.0,795041812.0,813154128.0,0.0,0.0,0.0,0.0
of:0000000000000005_1_2024-08-05 14:14:43,of:0000000000000005_1,2024-08-05 14:14:43,16460380.0,16458624.0,1617345610.0,1617262850.0,0.0,0.0,0.0,0.0
of:0000000000000005_2_2024-08-05 14:14:43,of:0000000000000005_2,2024-08-05 14:14:43,7969639.0,7959939.0,811704526.0,794252597.0,0.0,0.0,0.0,0.0
of:0000000000000005_3_2024-08-05 14:14:43,of:0000000000000005_3,2024-08-05 14:14:43,9372917.0,9386848.0,929304874.0,946077609.0,0.0,0.0,0.0,0.0
of:0000000000000005_4_2024-08-05 14:14:43,of:0000000000000005_4,2024-08-05 14:14:43,3714619.0,3716753.0,392324394.0,391541666.0,0.0,0.0,0.0,0.0
of:0000000000000027_1_2024-08-05 14:14:43,of:0000000000000027_1,2024-08-05 14:14:43,3716335.0,3727138.0,391526671.0,411223906.0,0.0,0.0,0.0,0.0
of:0000000000000027_2_2024-08-05 14:14:43,of:0000000000000027_2,2024-08-05 14:14:43,1415467.0,2301491.0,134300150.0,258153574.0,0.0,0.0,0.0,0.0
of:0000000000000027_3_2024-08-05 14:14:43,of:0000000000000027_3,2024-08-05 14:14:43,1428070.0,2301384.0,153191402.0,258142991.0,0.0,0.0,0.0,0.0
of:0000000000000006_1_2024-08-05 14:14:43,of:0000000000000006_1,2024-08-05 14:14:43,13646737.0,13663063.0,1369175858.0,1396084116.0,0.0,0.0,0.0,0.0
of:0000000000000006_2_2024-08-05 14:14:43,of:0000000000000006_2,2024-08-05 14:14:43,3714271.0,3728226.0,392317653.0,409088714.0,0.0,0.0,0.0,0.0
of:0000000000000006_3_2024-08-05 14:14:43,of:0000000000000006_3,2024-08-05 14:14:43,3758491.0,3716970.0,457179874.0,391585223.0,0.0,0.0,0.0,0.0
of:0000000000000006_4_2024-08-05 14:14:43,of:0000000000000006_4,2024-08-05 14:14:43,7959236.0,7975072.0,795055681.0,814541287.0,0.0,0.0,0.0,0.0
of:0000000000000028_1_2024-08-05 14:14:43,of:0000000000000028_1,2024-08-05 14:14:43,7880762.0,7878864.0,790840270.0,791637840.0,0.0,0.0,0.0,0.0
of:0000000000000028_2_2024-08-05 14:14:43,of:0000000000000028_2,2024-08-05 14:14:43,1415344.0,2301362.0,134294116.0,258147092.0,0.0,0.0,0.0,0.0
of:0000000000000028_3_2024-08-05 14:14:43,of:0000000000000028_3,2024-08-05 14:14:43,5579921.0,6465938.0,533611454.0,657462876.0,0.0,0.0,0.0,0.0
of:0000000000000009_1_2024-08-05 14:14:43,of:0000000000000009_1,2024-08-05 14:14:43,7959938.0,7969638.0,794252499.0,811704428.0,0.0,0.0,0.0,0.0
of:0000000000000009_2_2024-08-05 14:14:43,of:0000000000000009_2,2024-08-05 14:14:43,1427238.0,2301182.0,151853724.0,257251575.0,0.0,0.0,0.0,0.0
of:0000000000000009_3_2024-08-05 14:14:43,of:0000000000000009_3,2024-08-05 14:14:43,5658815.0,6544582.0,537004046.0,659955128.0,0.0,0.0,0.0,0.0
